trial,testing,parameters,initial_deadline,final_deadline,net_reward,actions,success
1,False,"{'a': 0.919725334489605, 'e': 0.7197253344896051}",25,5,-174.67248317277242,"{0: 8, 1: 0, 2: 9, 3: 1, 4: 2}",1
2,False,"{'a': 0.8727676654080903, 'e': 0.6727676654080902}",25,0,-153.06548487194036,"{0: 17, 1: 0, 2: 4, 3: 1, 4: 3}",0
3,False,"{'a': 0.8394506689792101, 'e': 0.6394506689792101}",30,12,-64.95496908881445,"{0: 15, 1: 0, 2: 1, 3: 0, 4: 2}",1
4,False,"{'a': 0.8136079988437284, 'e': 0.6136079988437284}",20,1,-57.008045655704535,"{0: 16, 1: 0, 2: 0, 3: 2, 4: 1}",1
5,False,"{'a': 0.7924929998976953, 'e': 0.5924929998976952}",25,13,-32.21313196901122,"{0: 10, 1: 0, 2: 1, 3: 0, 4: 1}",1
6,False,"{'a': 0.774640522662865, 'e': 0.5746405226628649}",20,13,14.56983019595653,"{0: 7, 1: 0, 2: 0, 3: 0, 4: 0}",1
7,False,"{'a': 0.7591760034688153, 'e': 0.5591760034688152}",30,20,21.1336084672692,"{0: 10, 1: 0, 2: 0, 3: 0, 4: 0}",1
8,False,"{'a': 0.7455353308161803, 'e': 0.5455353308161802}",20,5,-70.53610683151629,"{0: 12, 1: 0, 2: 1, 3: 0, 4: 2}",1
9,False,"{'a': 0.7333333333333336, 'e': 0.5333333333333335}",20,2,-0.8155426708992022,"{0: 16, 1: 1, 2: 0, 3: 1, 4: 0}",1
10,False,"{'a': 0.7222952839578067, 'e': 0.5222952839578068}",25,19,-0.5053897916686074,"{0: 5, 1: 0, 2: 1, 3: 0, 4: 0}",1
11,False,"{'a': 0.7122183343873003, 'e': 0.5122183343873002}",25,18,-8.368495635771083,"{0: 6, 1: 0, 2: 0, 3: 1, 4: 0}",1
12,False,"{'a': 0.7029484393848437, 'e': 0.5029484393848438}",20,6,-20.484396375677008,"{0: 12, 1: 0, 2: 0, 3: 2, 4: 0}",1
13,False,"{'a': 0.6943658571524702, 'e': 0.49436585715247017}",20,0,17.227522751942068,"{0: 19, 1: 0, 2: 1, 3: 0, 4: 0}",0
14,False,"{'a': 0.6863756642518186, 'e': 0.4863756642518186}",20,15,11.27509214878809,"{0: 5, 1: 0, 2: 0, 3: 0, 4: 0}",1
15,False,"{'a': 0.6789013379584203, 'e': 0.4789013379584204}",25,3,-22.291296747856027,"{0: 20, 1: 0, 2: 1, 3: 0, 4: 1}",1
16,False,"{'a': 0.6718802876324605, 'e': 0.47188028763246054}",30,15,-14.825095537336917,"{0: 14, 1: 0, 2: 0, 3: 0, 4: 1}",1
17,False,"{'a': 0.6652606653057853, 'e': 0.46526066530578536}",20,6,20.40756692305307,"{0: 14, 1: 0, 2: 0, 3: 0, 4: 0}",1
18,False,"{'a': 0.6589990397459126, 'e': 0.45899903974591255}",30,16,23.295539598915177,"{0: 14, 1: 0, 2: 0, 3: 0, 4: 0}",1
19,False,"{'a': 0.6530586678229386, 'e': 0.4530586678229386}",30,7,39.848785231482026,"{0: 23, 1: 0, 2: 0, 3: 0, 4: 0}",1
20,False,"{'a': 0.6474081880709551, 'e': 0.4474081880709551}",20,8,19.253101027715708,"{0: 12, 1: 0, 2: 0, 3: 0, 4: 0}",1
21,False,"{'a': 0.6420206184474119, 'e': 0.44202061844741186}",20,10,-17.847102797627535,"{0: 8, 1: 0, 2: 1, 3: 1, 4: 0}",1
22,False,"{'a': 0.6368725770619754, 'e': 0.4368725770619754}",20,5,-13.552369082342597,"{0: 14, 1: 0, 2: 0, 3: 0, 4: 1}",1
23,False,"{'a': 0.6319436688769052, 'e': 0.4319436688769052}",30,13,-9.52484783889382,"{0: 16, 1: 0, 2: 0, 3: 0, 4: 1}",1
24,False,"{'a': 0.6272159976874567, 'e': 0.42721599768745677}",20,14,-30.086315412519745,"{0: 5, 1: 0, 2: 0, 3: 0, 4: 1}",1
25,False,"{'a': 0.6226737738744488, 'e': 0.4226737738744487}",25,16,15.627531813002882,"{0: 9, 1: 0, 2: 0, 3: 0, 4: 0}",1
26,False,"{'a': 0.6183029962242703, 'e': 0.41830299622427025}",20,4,24.88250163845424,"{0: 16, 1: 0, 2: 0, 3: 0, 4: 0}",1
27,False,"{'a': 0.614091191642075, 'e': 0.41409119164207503}",30,23,13.633536285940192,"{0: 7, 1: 0, 2: 0, 3: 0, 4: 0}",1
28,False,"{'a': 0.6100272005602786, 'e': 0.4100272005602786}",35,17,30.911516166193067,"{0: 18, 1: 0, 2: 0, 3: 0, 4: 0}",1
29,False,"{'a': 0.6061009987414236, 'e': 0.4061009987414236}",20,5,14.794013344920534,"{0: 14, 1: 0, 2: 1, 3: 0, 4: 0}",1
30,False,"{'a': 0.6023035483108609, 'e': 0.40230354831086085}",20,13,13.822773935574391,"{0: 7, 1: 0, 2: 0, 3: 0, 4: 0}",1
31,False,"{'a': 0.5986266724480254, 'e': 0.3986266724480253}",20,3,27.460294484896032,"{0: 17, 1: 0, 2: 0, 3: 0, 4: 0}",1
32,False,"{'a': 0.595062949365897, 'e': 0.3950629493658969}",25,20,10.502733065787726,"{0: 5, 1: 0, 2: 0, 3: 0, 4: 0}",1
33,False,"{'a': 0.5916056221220656, 'e': 0.3916056221220655}",25,9,23.778589336021923,"{0: 16, 1: 0, 2: 0, 3: 0, 4: 0}",1
34,False,"{'a': 0.5882485215065933, 'e': 0.38824852150659334}",20,16,7.612878092903002,"{0: 4, 1: 0, 2: 0, 3: 0, 4: 0}",1
35,False,"{'a': 0.5849859997953902, 'e': 0.3849859997953902}",20,7,0.8129008358641598,"{0: 12, 1: 0, 2: 0, 3: 1, 4: 0}",1
36,False,"{'a': 0.5818128735821348, 'e': 0.38181287358213484}",20,8,19.104320632776222,"{0: 12, 1: 0, 2: 0, 3: 0, 4: 0}",1
37,False,"{'a': 0.5787243742355175, 'e': 0.37872437423551747}",20,2,1.7403760433150999,"{0: 17, 1: 0, 2: 0, 3: 1, 4: 0}",1
38,False,"{'a': 0.5757161047929338, 'e': 0.3757161047929337}",25,0,26.604519144358672,"{0: 24, 1: 1, 2: 0, 3: 0, 4: 0}",0
39,False,"{'a': 0.5727840023125434, 'e': 0.3727840023125435}",20,5,-56.3541497798342,"{0: 13, 1: 0, 2: 0, 3: 0, 4: 2}",1
40,False,"{'a': 0.5699243048747373, 'e': 0.3699243048747374}",20,16,8.401746093786207,"{0: 4, 1: 0, 2: 0, 3: 0, 4: 0}",1
41,False,"{'a': 0.56713352256056, 'e': 0.36713352256056003}",20,14,8.783845684053617,"{0: 6, 1: 0, 2: 0, 3: 0, 4: 0}",1
42,False,"{'a': 0.5644084118454438, 'e': 0.3644084118454437}",30,20,16.699518148447794,"{0: 10, 1: 0, 2: 0, 3: 0, 4: 0}",1
43,False,"{'a': 0.5617459529370168, 'e': 0.3617459529370168}",20,11,16.82897655216855,"{0: 9, 1: 0, 2: 0, 3: 0, 4: 0}",1
44,False,"{'a': 0.5591433296599084, 'e': 0.3591433296599084}",25,4,31.268512236849286,"{0: 21, 1: 0, 2: 0, 3: 0, 4: 0}",1
45,False,"{'a': 0.5565979115515804, 'e': 0.3565979115515804}",20,9,18.816769999787258,"{0: 11, 1: 0, 2: 0, 3: 0, 4: 0}",1
46,False,"{'a': 0.5541072378838088, 'e': 0.3541072378838088}",25,16,13.78933421809793,"{0: 9, 1: 0, 2: 0, 3: 0, 4: 0}",1
47,False,"{'a': 0.5516690033665101, 'e': 0.3516690033665102}",30,13,27.477690813499628,"{0: 17, 1: 0, 2: 0, 3: 0, 4: 0}",1
48,False,"{'a': 0.5492810453257299, 'e': 0.34928104532572984}",35,19,23.223520102769037,"{0: 16, 1: 0, 2: 0, 3: 0, 4: 0}",1
49,False,"{'a': 0.5469413321770618, 'e': 0.3469413321770618}",20,5,-15.11128376903674,"{0: 14, 1: 0, 2: 0, 3: 0, 4: 1}",1
50,False,"{'a': 0.5446479530405505, 'e': 0.34464795304055046}",25,20,8.94491991696496,"{0: 5, 1: 0, 2: 0, 3: 0, 4: 0}",1
51,False,"{'a': 0.5423991083640538, 'e': 0.34239910836405374}",20,11,16.708663315165293,"{0: 9, 1: 0, 2: 0, 3: 0, 4: 0}",1
52,False,"{'a': 0.5401931014397898, 'e': 0.34019310143978976}",25,8,-9.337421055044631,"{0: 16, 1: 0, 2: 0, 3: 0, 4: 1}",1
53,False,"{'a': 0.5380283307138752, 'e': 0.3380283307138752}",30,20,20.536505221312982,"{0: 10, 1: 0, 2: 0, 3: 0, 4: 0}",1
54,False,"{'a': 0.5359032828015351, 'e': 0.3359032828015351}",25,15,20.870222014477534,"{0: 10, 1: 0, 2: 0, 3: 0, 4: 0}",1
55,False,"{'a': 0.5338165261316801, 'e': 0.33381652613168}",20,11,13.613999835152622,"{0: 9, 1: 0, 2: 0, 3: 0, 4: 0}",1
56,False,"{'a': 0.5317667051540025, 'e': 0.3317667051540024}",20,8,-2.5140669997452694,"{0: 11, 1: 0, 2: 0, 3: 1, 4: 0}",1
57,False,"{'a': 0.5297525350498835, 'e': 0.3297525350498835}",20,8,17.189775582388258,"{0: 12, 1: 0, 2: 0, 3: 0, 4: 0}",1
58,False,"{'a': 0.5277727968954283, 'e': 0.3277727968954283}",35,12,41.533222444554575,"{0: 23, 1: 0, 2: 0, 3: 0, 4: 0}",1
59,False,"{'a': 0.5258263332310285, 'e': 0.32582633323102844}",20,14,11.43453401673072,"{0: 6, 1: 0, 2: 0, 3: 0, 4: 0}",1
60,False,"{'a': 0.5239120439971289, 'e': 0.32391204399712886}",20,13,13.462519027703308,"{0: 7, 1: 0, 2: 0, 3: 0, 4: 0}",1
61,False,"{'a': 0.5220288828004658, 'e': 0.3220288828004657}",20,9,24.76722427875001,"{0: 11, 1: 0, 2: 0, 3: 0, 4: 0}",1
62,False,"{'a': 0.5201758534790449, 'e': 0.3201758534790449}",20,10,17.54942468667298,"{0: 10, 1: 0, 2: 0, 3: 0, 4: 0}",1
63,False,"{'a': 0.5183520069376302, 'e': 0.31835200693763016}",20,16,6.846229053458302,"{0: 4, 1: 0, 2: 0, 3: 0, 4: 0}",1
64,False,"{'a': 0.5165564382285719, 'e': 0.31655643822857193}",30,17,23.006974120866133,"{0: 13, 1: 0, 2: 0, 3: 0, 4: 0}",1
65,False,"{'a': 0.5147882838555018, 'e': 0.3147882838555018}",20,8,18.08814918032924,"{0: 12, 1: 0, 2: 0, 3: 0, 4: 0}",1
66,False,"{'a': 0.5130467192797796, 'e': 0.3130467192797797}",25,17,11.969534197216042,"{0: 8, 1: 0, 2: 0, 3: 0, 4: 0}",1
67,False,"{'a': 0.5113309566116704, 'e': 0.3113309566116704}",20,7,23.546915464725803,"{0: 13, 1: 0, 2: 0, 3: 0, 4: 0}",1
68,False,"{'a': 0.5096402424700652, 'e': 0.3096402424700653}",25,0,-1.7012480083391066,"{0: 24, 1: 0, 2: 0, 3: 0, 4: 1}",0
69,False,"{'a': 0.5079738559961982, 'e': 0.3079738559961982}",30,4,41.04428946391132,"{0: 26, 1: 0, 2: 0, 3: 0, 4: 0}",1
70,False,"{'a': 0.5063311070082466, 'e': 0.3063311070082466}",20,0,16.734709095033438,"{0: 19, 1: 0, 2: 1, 3: 0, 4: 0}",0
71,False,"{'a': 0.5047113342849952, 'e': 0.3047113342849951}",20,10,17.07287197374692,"{0: 10, 1: 0, 2: 0, 3: 0, 4: 0}",1
72,False,"{'a': 0.5031139039678785, 'e': 0.3031139039678784}",35,25,16.807083658895046,"{0: 10, 1: 0, 2: 0, 3: 0, 4: 0}",1
73,False,"{'a': 0.5015382080717397, 'e': 0.3015382080717397}",25,15,19.684504545945334,"{0: 10, 1: 0, 2: 0, 3: 0, 4: 0}",1
74,False,"{'a': 0.49998366309554665, 'e': 0.29998366309554664}",20,6,24.290738727163248,"{0: 14, 1: 0, 2: 0, 3: 0, 4: 0}",1
75,False,"{'a': 0.49844970872512223, 'e': 0.2984497087251222}",20,12,15.15471132874327,"{0: 8, 1: 0, 2: 0, 3: 0, 4: 0}",1
76,False,"{'a': 0.49693580662067144, 'e': 0.2969358066206714}",35,15,39.227604786677276,"{0: 20, 1: 0, 2: 0, 3: 0, 4: 0}",1
77,False,"{'a': 0.49544143928253853, 'e': 0.2954414392825385}",20,6,23.585801930604184,"{0: 14, 1: 0, 2: 0, 3: 0, 4: 0}",1
78,False,"{'a': 0.4939661089892156, 'e': 0.2939661089892156}",25,13,21.57651958513215,"{0: 12, 1: 0, 2: 0, 3: 0, 4: 0}",1
79,False,"{'a': 0.49250933680214837, 'e': 0.29250933680214836}",25,11,29.052251857559355,"{0: 14, 1: 0, 2: 0, 3: 0, 4: 0}",1
80,False,"{'a': 0.49107066163236, 'e': 0.29107066163236}",30,17,-13.455065996082704,"{0: 12, 1: 0, 2: 0, 3: 0, 4: 1}",1
81,False,"{'a': 0.4896496393643422, 'e': 0.2896496393643422}",25,19,11.148217262009332,"{0: 6, 1: 0, 2: 0, 3: 0, 4: 0}",1
82,False,"{'a': 0.4882458420330469, 'e': 0.2882458420330469}",25,18,14.753586877509985,"{0: 7, 1: 0, 2: 0, 3: 0, 4: 0}",1
83,False,"{'a': 0.48685885705016485, 'e': 0.28685885705016484}",20,16,7.473577533629282,"{0: 4, 1: 0, 2: 0, 3: 0, 4: 0}",1
84,False,"{'a': 0.4854882864761886, 'e': 0.28548828647618857}",30,24,10.69602591358366,"{0: 6, 1: 0, 2: 0, 3: 0, 4: 0}",1
85,False,"{'a': 0.48413374633504863, 'e': 0.2841337463350486}",25,19,11.708478024529805,"{0: 6, 1: 0, 2: 0, 3: 0, 4: 0}",1
86,False,"{'a': 0.4827948659683684, 'e': 0.2827948659683684}",25,7,30.711290969666283,"{0: 18, 1: 0, 2: 0, 3: 0, 4: 0}",1
87,False,"{'a': 0.4814712874266217, 'e': 0.2814712874266217}",25,7,23.406444821367785,"{0: 18, 1: 0, 2: 0, 3: 0, 4: 0}",1
88,False,"{'a': 0.48016266489468995, 'e': 0.28016266489468994}",25,17,13.603897357574834,"{0: 8, 1: 0, 2: 0, 3: 0, 4: 0}",1
89,False,"{'a': 0.47886866414951335, 'e': 0.27886866414951333}",25,7,27.282468020980414,"{0: 18, 1: 0, 2: 0, 3: 0, 4: 0}",1
90,False,"{'a': 0.4775889620477084, 'e': 0.2775889620477084}",25,17,14.071431870354257,"{0: 8, 1: 0, 2: 0, 3: 0, 4: 0}",1
91,False,"{'a': 0.47632324604118526, 'e': 0.27632324604118524}",20,9,20.062539530763804,"{0: 11, 1: 0, 2: 0, 3: 0, 4: 0}",1
92,False,"{'a': 0.4750712137189506, 'e': 0.2750712137189506}",20,12,14.348426884812142,"{0: 8, 1: 0, 2: 0, 3: 0, 4: 0}",1
93,False,"{'a': 0.4738325723734137, 'e': 0.2738325723734137}",20,16,7.00090719857654,"{0: 4, 1: 0, 2: 0, 3: 0, 4: 0}",1
94,False,"{'a': 0.47260703858964065, 'e': 0.27260703858964064}",35,17,33.65525402826518,"{0: 18, 1: 0, 2: 0, 3: 0, 4: 0}",1
95,False,"{'a': 0.4713943378561151, 'e': 0.2713943378561151}",35,25,-3.0796988769941662,"{0: 9, 1: 0, 2: 0, 3: 1, 4: 0}",1
96,False,"{'a': 0.4701942041956681, 'e': 0.2701942041956681}",25,3,32.600354789628945,"{0: 22, 1: 0, 2: 0, 3: 0, 4: 0}",1
97,False,"{'a': 0.4690063798153347, 'e': 0.2690063798153347}",20,14,10.863850366756655,"{0: 6, 1: 0, 2: 0, 3: 0, 4: 0}",1
98,False,"{'a': 0.4678306147739867, 'e': 0.2678306147739867}",30,17,24.63101831317104,"{0: 13, 1: 0, 2: 0, 3: 0, 4: 0}",1
99,False,"{'a': 0.46666666666666673, 'e': 0.2666666666666667}",20,15,8.792479871945645,"{0: 5, 1: 0, 2: 0, 3: 0, 4: 0}",1
100,False,"{'a': 0.46551430032462865, 'e': 0.26551430032462864}",25,20,9.72034900722214,"{0: 5, 1: 0, 2: 0, 3: 0, 4: 0}",1
101,False,"{'a': 0.46437328753015533, 'e': 0.2643732875301553}",20,2,26.848920347852797,"{0: 18, 1: 0, 2: 0, 3: 0, 4: 0}",1
102,False,"{'a': 0.4632434067452874, 'e': 0.2632434067452874}",20,10,-26.398792662365942,"{0: 9, 1: 0, 2: 0, 3: 0, 4: 1}",1
103,False,"{'a': 0.46212444285365856, 'e': 0.26212444285365855}",30,23,13.364841705034262,"{0: 7, 1: 0, 2: 0, 3: 0, 4: 0}",1
104,False,"{'a': 0.46101618691468316, 'e': 0.26101618691468315}",35,23,21.9289599227307,"{0: 12, 1: 0, 2: 0, 3: 0, 4: 0}",1
105,False,"{'a': 0.4599184359293946, 'e': 0.25991843592939456}",25,11,2.735220056606396,"{0: 13, 1: 0, 2: 0, 3: 1, 4: 0}",1
106,False,"{'a': 0.45883099261727744, 'e': 0.25883099261727743}",20,0,30.975522108377465,"{0: 20, 1: 0, 2: 0, 3: 0, 4: 0}",0
107,False,"{'a': 0.45775366520348004, 'e': 0.25775366520348003}",20,8,23.354741035337476,"{0: 12, 1: 0, 2: 0, 3: 0, 4: 0}",1
108,False,"{'a': 0.45668626721583366, 'e': 0.25668626721583365}",25,9,28.94624311606653,"{0: 16, 1: 0, 2: 0, 3: 0, 4: 0}",1
109,False,"{'a': 0.45562861729113996, 'e': 0.25562861729113995}",25,15,16.933365099113107,"{0: 10, 1: 0, 2: 0, 3: 0, 4: 0}",1
110,False,"{'a': 0.4545805389902246, 'e': 0.2545805389902246}",20,8,-0.4148975667397705,"{0: 11, 1: 0, 2: 0, 3: 1, 4: 0}",1
111,False,"{'a': 0.4535418606212849, 'e': 0.25354186062128486}",20,2,29.87522992276051,"{0: 18, 1: 0, 2: 0, 3: 0, 4: 0}",1
112,False,"{'a': 0.452512415071088, 'e': 0.252512415071088}",20,1,29.869923651445905,"{0: 19, 1: 0, 2: 0, 3: 0, 4: 0}",1
113,False,"{'a': 0.4514920396436073, 'e': 0.2514920396436073}",25,13,20.249393986474537,"{0: 12, 1: 0, 2: 0, 3: 0, 4: 0}",1
114,False,"{'a': 0.45048057590570356, 'e': 0.25048057590570355}",25,19,10.136735808534997,"{0: 6, 1: 0, 2: 0, 3: 0, 4: 0}",1
115,False,"{'a': 0.44947786953948843, 'e': 0.24947786953948842}",20,10,18.733966345775436,"{0: 10, 1: 0, 2: 0, 3: 0, 4: 0}",1
116,False,"{'a': 0.4484837702010236, 'e': 0.24848377020102358}",20,10,19.12611677706926,"{0: 10, 1: 0, 2: 0, 3: 0, 4: 0}",1
117,False,"{'a': 0.44749813138503325, 'e': 0.2474981313850332}",25,12,22.438453070179722,"{0: 13, 1: 0, 2: 0, 3: 0, 4: 0}",1
118,False,"{'a': 0.4465208102953251, 'e': 0.2465208102953251}",20,3,30.034837862396863,"{0: 17, 1: 0, 2: 0, 3: 0, 4: 0}",1
119,False,"{'a': 0.44555166772063337, 'e': 0.24555166772063336}",20,14,8.620974513921546,"{0: 6, 1: 0, 2: 0, 3: 0, 4: 0}",1
120,False,"{'a': 0.4445905679156133, 'e': 0.2445905679156133}",30,22,12.707008549583406,"{0: 8, 1: 0, 2: 0, 3: 0, 4: 0}",1
121,False,"{'a': 0.4436373784867338, 'e': 0.2436373784867338}",25,7,29.119112381148934,"{0: 18, 1: 0, 2: 0, 3: 0, 4: 0}",1
122,False,"{'a': 0.44269197028282725, 'e': 0.2426919702828272}",25,18,15.74352929153501,"{0: 7, 1: 0, 2: 0, 3: 0, 4: 0}",1
123,False,"{'a': 0.4417542172900706, 'e': 0.2417542172900706}",20,10,15.585338994169241,"{0: 10, 1: 0, 2: 0, 3: 0, 4: 0}",1
124,False,"{'a': 0.4408239965311849, 'e': 0.24082399653118491}",30,20,18.657877225401304,"{0: 10, 1: 0, 2: 0, 3: 0, 4: 0}",1
125,False,"{'a': 0.4399011879686499, 'e': 0.2399011879686499}",25,3,30.79131825846335,"{0: 22, 1: 0, 2: 0, 3: 0, 4: 0}",1
126,False,"{'a': 0.4389856744117448, 'e': 0.2389856744117448}",25,16,15.061129469856056,"{0: 9, 1: 0, 2: 0, 3: 0, 4: 0}",1
127,False,"{'a': 0.4380773414272351, 'e': 0.23807734142723508}",25,7,26.56824060139276,"{0: 18, 1: 0, 2: 0, 3: 0, 4: 0}",1
128,False,"{'a': 0.4371760772535336, 'e': 0.23717607725353357}",25,11,27.22024028801921,"{0: 14, 1: 0, 2: 0, 3: 0, 4: 0}",1
129,False,"{'a': 0.4362817727181768, 'e': 0.23628177271817682}",20,0,28.543967665599098,"{0: 20, 1: 0, 2: 0, 3: 0, 4: 0}",0
130,False,"{'a': 0.4353943211584629, 'e': 0.23539432115846284}",25,15,14.740474876342633,"{0: 10, 1: 0, 2: 0, 3: 0, 4: 0}",1
131,False,"{'a': 0.4345136183451067, 'e': 0.23451361834510667}",20,9,17.671379812390693,"{0: 11, 1: 0, 2: 0, 3: 0, 4: 0}",1
132,False,"{'a': 0.4336395624087771, 'e': 0.23363956240877706}",25,16,15.743790667963571,"{0: 9, 1: 0, 2: 0, 3: 0, 4: 0}",1
133,False,"{'a': 0.4327720537693846, 'e': 0.2327720537693846}",25,0,41.842241010171286,"{0: 25, 1: 0, 2: 0, 3: 0, 4: 0}",0
134,False,"{'a': 0.43191099506799835, 'e': 0.23191099506799834}",20,15,-33.59778435753459,"{0: 4, 1: 0, 2: 0, 3: 0, 4: 1}",1
135,False,"{'a': 0.4310562911012753, 'e': 0.23105629110127526}",20,10,14.840150850669659,"{0: 10, 1: 0, 2: 0, 3: 0, 4: 0}",1
136,False,"{'a': 0.4302078487582915, 'e': 0.23020784875829148}",25,9,23.861090544897163,"{0: 16, 1: 0, 2: 0, 3: 0, 4: 0}",1
137,False,"{'a': 0.42936557695967026, 'e': 0.22936557695967022}",20,13,13.213050855716816,"{0: 7, 1: 0, 2: 0, 3: 0, 4: 0}",1
138,False,"{'a': 0.42852938659890794, 'e': 0.22852938659890792}",20,0,31.03162040062619,"{0: 20, 1: 0, 2: 0, 3: 0, 4: 0}",1
139,False,"{'a': 0.4276991904858032, 'e': 0.22769919048580314}",20,12,15.213215424963225,"{0: 8, 1: 0, 2: 0, 3: 0, 4: 0}",1
140,False,"{'a': 0.4268749032918987, 'e': 0.22687490329189866}",30,22,15.438458266746657,"{0: 8, 1: 0, 2: 0, 3: 0, 4: 0}",1
141,False,"{'a': 0.4260564414978516, 'e': 0.2260564414978516}",30,14,28.11870264230884,"{0: 16, 1: 0, 2: 0, 3: 0, 4: 0}",1
142,False,"{'a': 0.42524372334265015, 'e': 0.22524372334265017}",20,10,14.377338799398334,"{0: 10, 1: 0, 2: 0, 3: 0, 4: 0}",1
143,False,"{'a': 0.42443666877460007, 'e': 0.22443666877460008}",25,14,23.926507765793904,"{0: 11, 1: 0, 2: 0, 3: 0, 4: 0}",1
144,False,"{'a': 0.4236351994040067, 'e': 0.22363519940400667}",35,25,16.462950028471575,"{0: 10, 1: 0, 2: 0, 3: 0, 4: 0}",1
145,False,"{'a': 0.42283923845748345, 'e': 0.22283923845748344}",20,0,31.46035791554325,"{0: 20, 1: 0, 2: 0, 3: 0, 4: 0}",0
146,False,"{'a': 0.42204871073381967, 'e': 0.22204871073381968}",20,7,21.697684578976176,"{0: 13, 1: 0, 2: 0, 3: 0, 4: 0}",1
147,False,"{'a': 0.4212635425613447, 'e': 0.2212635425613447}",20,16,9.120072510261604,"{0: 4, 1: 0, 2: 0, 3: 0, 4: 0}",1
148,False,"{'a': 0.4204836617567269, 'e': 0.2204836617567269}",25,13,20.437267751723375,"{0: 12, 1: 0, 2: 0, 3: 0, 4: 0}",1
149,False,"{'a': 0.4197089975851517, 'e': 0.21970899758515164}",30,22,12.54174846975657,"{0: 8, 1: 0, 2: 0, 3: 0, 4: 0}",1
150,False,"{'a': 0.41893948072182147, 'e': 0.21893948072182146}",25,14,16.972874305378276,"{0: 11, 1: 0, 2: 0, 3: 0, 4: 0}",1
151,False,"{'a': 0.4181750432147273, 'e': 0.2181750432147273}",30,15,23.54069195210952,"{0: 15, 1: 0, 2: 0, 3: 0, 4: 0}",1
152,False,"{'a': 0.4174156184486403, 'e': 0.2174156184486403}",25,14,18.49613680561326,"{0: 11, 1: 0, 2: 0, 3: 0, 4: 0}",1
153,False,"{'a': 0.4166611411102765, 'e': 0.2166611411102765}",20,14,8.77533677731073,"{0: 6, 1: 0, 2: 0, 3: 0, 4: 0}",1
154,False,"{'a': 0.4159115471545889, 'e': 0.2159115471545889}",30,19,16.995133010951236,"{0: 11, 1: 0, 2: 0, 3: 0, 4: 0}",1
155,False,"{'a': 0.4151667737721436, 'e': 0.21516677377214358}",20,15,8.381738714859559,"{0: 5, 1: 0, 2: 0, 3: 0, 4: 0}",1
156,False,"{'a': 0.4144267593575377, 'e': 0.2144267593575377}",25,13,20.176440277948174,"{0: 12, 1: 0, 2: 0, 3: 0, 4: 0}",1
157,False,"{'a': 0.41369144347882064, 'e': 0.21369144347882063}",35,17,33.84467329761747,"{0: 18, 1: 0, 2: 0, 3: 0, 4: 0}",1
158,False,"{'a': 0.41296076684787963, 'e': 0.21296076684787962}",25,15,12.424316497508983,"{0: 10, 1: 0, 2: 0, 3: 0, 4: 0}",1
159,False,"{'a': 0.4122346712917534, 'e': 0.2122346712917534}",25,13,21.811817030725134,"{0: 12, 1: 0, 2: 0, 3: 0, 4: 0}",1
160,False,"{'a': 0.41151309972484007, 'e': 0.2115130997248401}",20,0,24.847476780336827,"{0: 20, 1: 0, 2: 0, 3: 0, 4: 0}",0
161,False,"{'a': 0.4107959961219651, 'e': 0.2107959961219651}",20,16,9.435744108679868,"{0: 4, 1: 0, 2: 0, 3: 0, 4: 0}",1
162,False,"{'a': 0.41008330549227795, 'e': 0.21008330549227794}",20,5,25.67715765465666,"{0: 15, 1: 0, 2: 0, 3: 0, 4: 0}",1
163,False,"{'a': 0.4093749738539473, 'e': 0.20937497385394727}",20,6,24.181506763870516,"{0: 14, 1: 0, 2: 0, 3: 0, 4: 0}",1
164,False,"{'a': 0.408670948209625, 'e': 0.20867094820962503}",20,8,15.87498406609617,"{0: 12, 1: 0, 2: 0, 3: 0, 4: 0}",1
165,False,"{'a': 0.407971176522652, 'e': 0.207971176522652}",25,10,29.668067668263976,"{0: 15, 1: 0, 2: 0, 3: 0, 4: 0}",1
166,False,"{'a': 0.40727560769397786, 'e': 0.20727560769397785}",20,6,20.91812797375569,"{0: 14, 1: 0, 2: 0, 3: 0, 4: 0}",1
167,False,"{'a': 0.40658419153976993, 'e': 0.20658419153976992}",20,12,15.259528419669959,"{0: 8, 1: 0, 2: 0, 3: 0, 4: 0}",1
168,False,"{'a': 0.40589687876968705, 'e': 0.20589687876968707}",35,18,27.014541834998216,"{0: 17, 1: 0, 2: 0, 3: 0, 4: 0}",1
169,False,"{'a': 0.40521362096579366, 'e': 0.20521362096579365}",20,10,17.220450374230943,"{0: 10, 1: 0, 2: 0, 3: 0, 4: 0}",1
170,False,"{'a': 0.40453437056209235, 'e': 0.20453437056209234}",30,20,17.45843160475867,"{0: 10, 1: 0, 2: 0, 3: 0, 4: 0}",1
171,False,"{'a': 0.40385908082465366, 'e': 0.20385908082465365}",25,18,11.01316290641372,"{0: 7, 1: 0, 2: 0, 3: 0, 4: 0}",1
172,False,"{'a': 0.4031877058323213, 'e': 0.20318770583232126}",25,15,19.156543315138983,"{0: 10, 1: 0, 2: 0, 3: 0, 4: 0}",1
173,False,"{'a': 0.40252020045797343, 'e': 0.20252020045797342}",25,19,11.70439916102463,"{0: 6, 1: 0, 2: 0, 3: 0, 4: 0}",1
174,False,"{'a': 0.4018565203503215, 'e': 0.2018565203503215}",25,11,18.883241966055078,"{0: 14, 1: 0, 2: 0, 3: 0, 4: 0}",1
175,False,"{'a': 0.40119662191622674, 'e': 0.20119662191622673}",35,20,31.98143768236574,"{0: 15, 1: 0, 2: 0, 3: 0, 4: 0}",1
176,False,"{'a': 0.40054046230351825, 'e': 0.20054046230351827}",20,0,27.913590254375112,"{0: 20, 1: 0, 2: 0, 3: 0, 4: 0}",0
177,False,"{'a': 0.399887999384295, 'e': 0.19988799938429497}",20,7,24.315362528899996,"{0: 13, 1: 0, 2: 0, 3: 0, 4: 0}",1
178,False,"{'a': 0.3992391917386952, 'e': 0.1992391917386952}",30,7,36.2513126087388,"{0: 23, 1: 0, 2: 0, 3: 0, 4: 0}",1
179,False,"{'a': 0.39859399863911843, 'e': 0.19859399863911842}",20,6,19.489702102010416,"{0: 14, 1: 0, 2: 0, 3: 0, 4: 0}",1
180,False,"{'a': 0.3979523800348842, 'e': 0.19795238003488416}",20,0,28.57151927937119,"{0: 20, 1: 0, 2: 0, 3: 0, 4: 0}",0
181,False,"{'a': 0.3973142965373134, 'e': 0.1973142965373134}",25,8,26.836059055344958,"{0: 17, 1: 0, 2: 0, 3: 0, 4: 0}",1
182,False,"{'a': 0.39667970940521885, 'e': 0.19667970940521884}",20,0,25.67764061172274,"{0: 20, 1: 0, 2: 0, 3: 0, 4: 0}",0
183,False,"{'a': 0.3960485805307903, 'e': 0.1960485805307903}",35,26,18.304554489461562,"{0: 9, 1: 0, 2: 0, 3: 0, 4: 0}",1
184,False,"{'a': 0.395420872425863, 'e': 0.195420872425863}",30,20,16.75787806039419,"{0: 10, 1: 0, 2: 0, 3: 0, 4: 0}",1
185,False,"{'a': 0.3947965482085557, 'e': 0.19479654820855566}",25,12,24.985396642313823,"{0: 13, 1: 0, 2: 0, 3: 0, 4: 0}",1
186,False,"{'a': 0.39417557159026695, 'e': 0.19417557159026694}",20,15,8.609706272541278,"{0: 5, 1: 0, 2: 0, 3: 0, 4: 0}",1
187,False,"{'a': 0.3935579068630187, 'e': 0.19355790686301869}",25,10,18.666280398499374,"{0: 15, 1: 0, 2: 0, 3: 0, 4: 0}",1
188,False,"{'a': 0.39294351888713486, 'e': 0.19294351888713487}",25,12,22.273867105281475,"{0: 13, 1: 0, 2: 0, 3: 0, 4: 0}",1
189,False,"{'a': 0.3923323730792456, 'e': 0.19233237307924558}",25,19,12.988919070288889,"{0: 6, 1: 0, 2: 0, 3: 0, 4: 0}",1
190,False,"{'a': 0.391724435400606, 'e': 0.19172443540060596}",20,5,22.39459856512595,"{0: 15, 1: 0, 2: 0, 3: 0, 4: 0}",1
191,False,"{'a': 0.3911196723457201, 'e': 0.19111967234572008}",20,16,8.326460976460606,"{0: 4, 1: 0, 2: 0, 3: 0, 4: 0}",1
192,False,"{'a': 0.39051805093126035, 'e': 0.1905180509312603}",20,16,7.567133855626384,"{0: 4, 1: 0, 2: 0, 3: 0, 4: 0}",1
193,False,"{'a': 0.38991953868527307, 'e': 0.18991953868527303}",20,16,8.365730445300459,"{0: 4, 1: 0, 2: 0, 3: 0, 4: 0}",1
194,False,"{'a': 0.3893241036366618, 'e': 0.1893241036366618}",25,13,20.799978945251407,"{0: 12, 1: 0, 2: 0, 3: 0, 4: 0}",1
195,False,"{'a': 0.3887317143049397, 'e': 0.18873171430493965}",25,13,25.384010980845396,"{0: 12, 1: 0, 2: 0, 3: 0, 4: 0}",1
196,False,"{'a': 0.3881423396902418, 'e': 0.18814233969024183}",20,14,10.987628755600618,"{0: 6, 1: 0, 2: 0, 3: 0, 4: 0}",1
197,False,"{'a': 0.38755594926359166, 'e': 0.18755594926359165}",20,16,7.5493741353804165,"{0: 4, 1: 0, 2: 0, 3: 0, 4: 0}",1
198,False,"{'a': 0.38697251295741153, 'e': 0.18697251295741152}",20,12,11.79230007590275,"{0: 8, 1: 0, 2: 0, 3: 0, 4: 0}",1
199,False,"{'a': 0.3863920011562716, 'e': 0.1863920011562716}",25,14,17.088017764877325,"{0: 11, 1: 0, 2: 0, 3: 0, 4: 0}",1
200,False,"{'a': 0.38581438468786955, 'e': 0.18581438468786957}",20,10,13.874054925747608,"{0: 10, 1: 0, 2: 0, 3: 0, 4: 0}",1
201,False,"{'a': 0.3852396348142336, 'e': 0.18523963481423358}",20,16,6.674268550967304,"{0: 4, 1: 0, 2: 0, 3: 0, 4: 0}",1
202,False,"{'a': 0.38466772322314313, 'e': 0.18466772322314315}",20,9,19.477580720468254,"{0: 11, 1: 0, 2: 0, 3: 0, 4: 0}",1
203,False,"{'a': 0.3840986220197603, 'e': 0.18409862201976027}",20,16,6.498240389195141,"{0: 4, 1: 0, 2: 0, 3: 0, 4: 0}",1
204,False,"{'a': 0.3835323037184655, 'e': 0.18353230371846543}",25,12,22.083364400805333,"{0: 13, 1: 0, 2: 0, 3: 0, 4: 0}",1
205,False,"{'a': 0.3829687412348924, 'e': 0.18296874123489237}",30,6,34.45942861814292,"{0: 24, 1: 0, 2: 0, 3: 0, 4: 0}",1
206,False,"{'a': 0.38240790787815526, 'e': 0.18240790787815522}",20,3,30.6216232117944,"{0: 17, 1: 0, 2: 0, 3: 0, 4: 0}",1
207,False,"{'a': 0.38184977734326353, 'e': 0.18184977734326352}",20,14,12.432421792989615,"{0: 6, 1: 0, 2: 0, 3: 0, 4: 0}",1
208,False,"{'a': 0.3812943237037189, 'e': 0.1812943237037189}",20,12,14.448790343506356,"{0: 8, 1: 0, 2: 0, 3: 0, 4: 0}",1
209,False,"{'a': 0.3807415214042882, 'e': 0.18074152140428815}",25,15,19.679108862112518,"{0: 10, 1: 0, 2: 0, 3: 0, 4: 0}",1
210,False,"{'a': 0.3801913452539486, 'e': 0.18019134525394861}",25,11,24.012619689987684,"{0: 14, 1: 0, 2: 0, 3: 0, 4: 0}",1
211,False,"{'a': 0.37964377041899966, 'e': 0.17964377041899962}",30,19,14.537860063960528,"{0: 11, 1: 0, 2: 0, 3: 0, 4: 0}",1
212,False,"{'a': 0.3790987724163366, 'e': 0.1790987724163366}",30,21,17.60799423192978,"{0: 9, 1: 0, 2: 0, 3: 0, 4: 0}",1
213,False,"{'a': 0.3785563271068824, 'e': 0.1785563271068824}",20,13,16.72604980499562,"{0: 7, 1: 0, 2: 0, 3: 0, 4: 0}",1
214,False,"{'a': 0.3780164106891719, 'e': 0.1780164106891719}",35,26,17.74916129197407,"{0: 9, 1: 0, 2: 0, 3: 0, 4: 0}",1
215,False,"{'a': 0.37747899969308507, 'e': 0.1774789996930851}",30,24,13.097663112385938,"{0: 6, 1: 0, 2: 0, 3: 0, 4: 0}",1
216,False,"{'a': 0.3769440709737254, 'e': 0.17694407097372541}",25,14,19.589151095158055,"{0: 11, 1: 0, 2: 0, 3: 0, 4: 0}",1
217,False,"{'a': 0.3764116017054387, 'e': 0.17641160170543868}",20,15,11.37024775278871,"{0: 5, 1: 0, 2: 0, 3: 0, 4: 0}",1
218,False,"{'a': 0.37588156937596845, 'e': 0.17588156937596844}",30,12,30.9985127815521,"{0: 18, 1: 0, 2: 0, 3: 0, 4: 0}",1
219,False,"{'a': 0.37535395178074504, 'e': 0.175353951780745}",30,17,26.244848819271166,"{0: 13, 1: 0, 2: 0, 3: 0, 4: 0}",1
220,False,"{'a': 0.3748287270173038, 'e': 0.1748287270173038}",25,0,37.888583480186774,"{0: 25, 1: 0, 2: 0, 3: 0, 4: 0}",0
221,False,"{'a': 0.3743058734798297, 'e': 0.17430587347982968}",25,19,12.23528312157482,"{0: 6, 1: 0, 2: 0, 3: 0, 4: 0}",1
222,False,"{'a': 0.37378536985382377, 'e': 0.17378536985382376}",20,0,36.804663318191295,"{0: 20, 1: 0, 2: 0, 3: 0, 4: 0}",0
223,False,"{'a': 0.3732671951108899, 'e': 0.17326719511088987}",25,6,32.07614733306095,"{0: 19, 1: 0, 2: 0, 3: 0, 4: 0}",1
224,False,"{'a': 0.3727513285036366, 'e': 0.17275132850363661}",25,10,22.80368294054621,"{0: 15, 1: 0, 2: 0, 3: 0, 4: 0}",1
225,False,"{'a': 0.372237749560693, 'e': 0.17223774956069302}",25,18,12.041178293914358,"{0: 7, 1: 0, 2: 0, 3: 0, 4: 0}",1
226,False,"{'a': 0.3717264380818339, 'e': 0.17172643808183388}",20,9,21.1976748059054,"{0: 11, 1: 0, 2: 0, 3: 0, 4: 0}",1
227,False,"{'a': 0.3712173741332123, 'e': 0.1712173741332123}",25,0,39.53792121833139,"{0: 25, 1: 0, 2: 0, 3: 0, 4: 0}",1
228,False,"{'a': 0.37071053804269655, 'e': 0.17071053804269654}",25,19,9.656117742361781,"{0: 6, 1: 0, 2: 0, 3: 0, 4: 0}",1
229,False,"{'a': 0.3702059103953086, 'e': 0.17020591039530855}",20,16,7.4237714969400095,"{0: 4, 1: 0, 2: 0, 3: 0, 4: 0}",1
230,False,"{'a': 0.3697034720287615, 'e': 0.16970347202876152}",20,13,12.07254803115406,"{0: 7, 1: 0, 2: 0, 3: 0, 4: 0}",1
231,False,"{'a': 0.36920320402909346, 'e': 0.16920320402909342}",20,10,16.321557120009945,"{0: 10, 1: 0, 2: 0, 3: 0, 4: 0}",1
232,False,"{'a': 0.36870508772639493, 'e': 0.16870508772639492}",20,5,26.839958331688525,"{0: 15, 1: 0, 2: 0, 3: 0, 4: 0}",1
233,False,"{'a': 0.36820910469062856, 'e': 0.16820910469062855}",20,14,9.254238471047472,"{0: 6, 1: 0, 2: 0, 3: 0, 4: 0}",1
234,False,"{'a': 0.367715236727537, 'e': 0.16771523672753696}",20,13,12.548651833652364,"{0: 7, 1: 0, 2: 0, 3: 0, 4: 0}",1
235,False,"{'a': 0.3672234658746382, 'e': 0.1672234658746382}",20,10,18.959199223574984,"{0: 10, 1: 0, 2: 0, 3: 0, 4: 0}",1
236,False,"{'a': 0.3667337743973056, 'e': 0.16673377439730558}",25,16,19.628891586869386,"{0: 9, 1: 0, 2: 0, 3: 0, 4: 0}",1
237,False,"{'a': 0.3662461447849301, 'e': 0.1662461447849301}",25,19,11.28592126199551,"{0: 6, 1: 0, 2: 0, 3: 0, 4: 0}",1
238,False,"{'a': 0.36576055974716326, 'e': 0.16576055974716322}",25,7,31.502555890674866,"{0: 18, 1: 0, 2: 0, 3: 0, 4: 0}",1
239,False,"{'a': 0.3652770022102384, 'e': 0.16527700221023836}",20,10,14.059983975947146,"{0: 10, 1: 0, 2: 0, 3: 0, 4: 0}",1
240,False,"{'a': 0.36479545531336843, 'e': 0.1647954553133684}",20,16,8.320353952887753,"{0: 4, 1: 0, 2: 0, 3: 0, 4: 0}",1
241,False,"{'a': 0.3643159024052183, 'e': 0.16431590240521826}",25,20,9.587280135171634,"{0: 5, 1: 0, 2: 0, 3: 0, 4: 0}",1
242,False,"{'a': 0.36383832704045005, 'e': 0.16383832704045004}",20,16,6.899115876795607,"{0: 4, 1: 0, 2: 0, 3: 0, 4: 0}",1
243,False,"{'a': 0.3633627129763388, 'e': 0.16336271297633878}",20,9,17.66635007208994,"{0: 11, 1: 0, 2: 0, 3: 0, 4: 0}",1
244,False,"{'a': 0.362889044169458, 'e': 0.16288904416945796}",25,19,9.323525465968705,"{0: 6, 1: 0, 2: 0, 3: 0, 4: 0}",1
245,False,"{'a': 0.3624173047724322, 'e': 0.1624173047724322}",20,14,10.587725838512728,"{0: 6, 1: 0, 2: 0, 3: 0, 4: 0}",1
246,False,"{'a': 0.36194747913075576, 'e': 0.16194747913075577}",25,8,27.815213371924116,"{0: 17, 1: 0, 2: 0, 3: 0, 4: 0}",1
247,False,"{'a': 0.3614795517796756, 'e': 0.16147955177967563}",25,7,30.12289092693129,"{0: 18, 1: 0, 2: 0, 3: 0, 4: 0}",1
248,False,"{'a': 0.36101350744113697, 'e': 0.16101350744113696}",20,6,22.835909182675103,"{0: 14, 1: 0, 2: 0, 3: 0, 4: 0}",1
249,False,"{'a': 0.36054933102078995, 'e': 0.16054933102078994}",25,16,14.14519075958721,"{0: 9, 1: 0, 2: 0, 3: 0, 4: 0}",1
250,False,"{'a': 0.36008700760505646, 'e': 0.16008700760505645}",30,17,21.72491339099531,"{0: 13, 1: 0, 2: 0, 3: 0, 4: 0}",1
251,False,"{'a': 0.3596265224582549, 'e': 0.15962652245825487}",20,2,28.104731612589465,"{0: 18, 1: 0, 2: 0, 3: 0, 4: 0}",1
252,False,"{'a': 0.3591678610197819, 'e': 0.15916786101978186}",25,10,21.51626842335534,"{0: 15, 1: 0, 2: 0, 3: 0, 4: 0}",1
253,False,"{'a': 0.3587110089013499, 'e': 0.15871100890134984}",35,18,28.619632278069297,"{0: 17, 1: 0, 2: 0, 3: 0, 4: 0}",1
254,False,"{'a': 0.3582559518842786, 'e': 0.1582559518842786}",25,7,35.138889244678516,"{0: 18, 1: 0, 2: 0, 3: 0, 4: 0}",1
255,False,"{'a': 0.3578026759168401, 'e': 0.1578026759168401}",20,16,7.92516266945226,"{0: 4, 1: 0, 2: 0, 3: 0, 4: 0}",1
256,False,"{'a': 0.3573511671116548, 'e': 0.15735116711165478}",20,14,12.589111312285718,"{0: 6, 1: 0, 2: 0, 3: 0, 4: 0}",1
257,False,"{'a': 0.3569014117431386, 'e': 0.1569014117431386}",35,22,25.57281714350755,"{0: 13, 1: 0, 2: 0, 3: 0, 4: 0}",1
258,False,"{'a': 0.3564533962449995, 'e': 0.1564533962449995}",20,12,18.855515112183017,"{0: 8, 1: 0, 2: 0, 3: 0, 4: 0}",1
259,False,"{'a': 0.3560071072077819, 'e': 0.15600710720778188}",25,16,14.274859056598771,"{0: 9, 1: 0, 2: 0, 3: 0, 4: 0}",1
260,False,"{'a': 0.35556253137645843, 'e': 0.1555625313764584}",20,0,31.354319351881674,"{0: 20, 1: 0, 2: 0, 3: 0, 4: 0}",1
261,False,"{'a': 0.3551196556480679, 'e': 0.15511965564806787}",25,15,16.03911034729624,"{0: 10, 1: 0, 2: 0, 3: 0, 4: 0}",1
262,False,"{'a': 0.3546784670693979, 'e': 0.1546784670693979}",20,8,17.112505207895136,"{0: 12, 1: 0, 2: 0, 3: 0, 4: 0}",1
263,False,"{'a': 0.35423895283471174, 'e': 0.1542389528347117}",25,16,13.769973369221226,"{0: 9, 1: 0, 2: 0, 3: 0, 4: 0}",1
264,False,"{'a': 0.3538011002835179, 'e': 0.1538011002835179}",30,20,17.22676661025519,"{0: 10, 1: 0, 2: 0, 3: 0, 4: 0}",1
265,False,"{'a': 0.35336489689838213, 'e': 0.15336489689838212}",20,13,11.53592206600724,"{0: 7, 1: 0, 2: 0, 3: 0, 4: 0}",1
266,False,"{'a': 0.3529303303027799, 'e': 0.15293033030277992}",25,17,15.364517200902778,"{0: 8, 1: 0, 2: 0, 3: 0, 4: 0}",1
267,False,"{'a': 0.35249738825898963, 'e': 0.15249738825898962}",20,10,15.772793232551976,"{0: 10, 1: 0, 2: 0, 3: 0, 4: 0}",1
268,False,"{'a': 0.3520660586660246, 'e': 0.15206605866602455}",20,3,29.42956323582852,"{0: 17, 1: 0, 2: 0, 3: 0, 4: 0}",1
269,False,"{'a': 0.3516363295576034, 'e': 0.1516363295576034}",20,7,24.850443267639307,"{0: 13, 1: 0, 2: 0, 3: 0, 4: 0}",1
270,False,"{'a': 0.3512081891001585, 'e': 0.15120818910015849}",25,18,12.762165906688217,"{0: 7, 1: 0, 2: 0, 3: 0, 4: 0}",1
271,False,"{'a': 0.35078162559088033, 'e': 0.15078162559088035}",20,8,18.529053112294154,"{0: 12, 1: 0, 2: 0, 3: 0, 4: 0}",1
272,False,"{'a': 0.35035662745579843, 'e': 0.1503566274557984}",20,4,26.647199699803966,"{0: 16, 1: 0, 2: 0, 3: 0, 4: 0}",1
273,False,"{'a': 0.3499331832478966, 'e': 0.14993318324789656}",20,13,15.67786601740598,"{0: 7, 1: 0, 2: 0, 3: 0, 4: 0}",1
274,False,"{'a': 0.34951128164526335, 'e': 0.1495112816452633}",25,10,20.179588687374398,"{0: 15, 1: 0, 2: 0, 3: 0, 4: 0}",1
275,False,"{'a': 0.3490909114492753, 'e': 0.1490909114492753}",25,18,14.214222579269773,"{0: 7, 1: 0, 2: 0, 3: 0, 4: 0}",1
276,False,"{'a': 0.3486720615828137, 'e': 0.14867206158281374}",25,13,17.78862913136136,"{0: 12, 1: 0, 2: 0, 3: 0, 4: 0}",1
277,False,"{'a': 0.348254721088513, 'e': 0.148254721088513}",20,7,22.747631258932472,"{0: 13, 1: 0, 2: 0, 3: 0, 4: 0}",1
278,False,"{'a': 0.3478388791270407, 'e': 0.1478388791270407}",25,18,10.874246679697643,"{0: 7, 1: 0, 2: 0, 3: 0, 4: 0}",1
279,False,"{'a': 0.34742452497540827, 'e': 0.14742452497540826}",25,19,12.134710437809995,"{0: 6, 1: 0, 2: 0, 3: 0, 4: 0}",1
280,False,"{'a': 0.3470116480253121, 'e': 0.14701164802531208}",30,17,25.201930842232425,"{0: 13, 1: 0, 2: 0, 3: 0, 4: 0}",1
281,False,"{'a': 0.34660023778150373, 'e': 0.14660023778150374}",20,0,28.171014457230143,"{0: 20, 1: 0, 2: 0, 3: 0, 4: 0}",0
282,False,"{'a': 0.3461902838601893, 'e': 0.14619028386018929}",30,23,9.94410514747144,"{0: 7, 1: 0, 2: 0, 3: 0, 4: 0}",1
283,False,"{'a': 0.34578177598745663, 'e': 0.14578177598745665}",20,0,25.094838538239568,"{0: 20, 1: 0, 2: 0, 3: 0, 4: 0}",0
284,False,"{'a': 0.3453747039977306, 'e': 0.14537470399773064}",25,15,18.34725625660178,"{0: 10, 1: 0, 2: 0, 3: 0, 4: 0}",1
285,False,"{'a': 0.34496905783225523, 'e': 0.14496905783225522}",20,13,15.117150406208024,"{0: 7, 1: 0, 2: 0, 3: 0, 4: 0}",1
286,False,"{'a': 0.3445648275376021, 'e': 0.14456482753760208}",20,13,17.11398887487084,"{0: 7, 1: 0, 2: 0, 3: 0, 4: 0}",1
287,False,"{'a': 0.34416200326420515, 'e': 0.14416200326420514}",25,15,15.554332176150963,"{0: 10, 1: 0, 2: 0, 3: 0, 4: 0}",1
288,False,"{'a': 0.34376057526492065, 'e': 0.14376057526492061}",20,14,11.260742037778748,"{0: 6, 1: 0, 2: 0, 3: 0, 4: 0}",1
289,False,"{'a': 0.34336053389361176, 'e': 0.14336053389361172}",20,7,22.956667626288553,"{0: 13, 1: 0, 2: 0, 3: 0, 4: 0}",1
290,False,"{'a': 0.3429618696037581, 'e': 0.1429618696037581}",20,14,10.119540597424642,"{0: 6, 1: 0, 2: 0, 3: 0, 4: 0}",1
291,False,"{'a': 0.34256457294708853, 'e': 0.1425645729470885}",25,7,28.372954315204513,"{0: 18, 1: 0, 2: 0, 3: 0, 4: 0}",1
292,False,"{'a': 0.34216863457223756, 'e': 0.14216863457223752}",25,17,15.130089749321193,"{0: 8, 1: 0, 2: 0, 3: 0, 4: 0}",1
293,False,"{'a': 0.34177404522342475, 'e': 0.14177404522342474}",25,17,14.050547177591028,"{0: 8, 1: 0, 2: 0, 3: 0, 4: 0}",1
294,False,"{'a': 0.3413807957391566, 'e': 0.14138079573915657}",25,16,19.01092328594736,"{0: 9, 1: 0, 2: 0, 3: 0, 4: 0}",1
295,False,"{'a': 0.34098887705094977, 'e': 0.14098887705094976}",25,13,18.936031879906768,"{0: 12, 1: 0, 2: 0, 3: 0, 4: 0}",1
296,False,"{'a': 0.3405982801820767, 'e': 0.14059828018207673}",25,3,33.1040168882614,"{0: 22, 1: 0, 2: 0, 3: 0, 4: 0}",1
297,False,"{'a': 0.340208996246332, 'e': 0.14020899624633198}",20,6,26.307732203461118,"{0: 14, 1: 0, 2: 0, 3: 0, 4: 0}",1
298,False,"{'a': 0.33982101644681884, 'e': 0.1398210164468188}",25,6,29.981935003599425,"{0: 19, 1: 0, 2: 0, 3: 0, 4: 0}",1
299,False,"{'a': 0.3394343320747567, 'e': 0.13943433207475672}",25,9,31.12253582142062,"{0: 16, 1: 0, 2: 0, 3: 0, 4: 0}",1
300,False,"{'a': 0.3390489345083085, 'e': 0.13904893450830846}",20,10,12.74667831418218,"{0: 10, 1: 0, 2: 0, 3: 0, 4: 0}",1
301,False,"{'a': 0.3386648152114265, 'e': 0.13866481521142648}",20,9,13.73077142599599,"{0: 11, 1: 0, 2: 0, 3: 0, 4: 0}",1
302,False,"{'a': 0.3382819657327186, 'e': 0.13828196573271864}",20,11,13.083483443393153,"{0: 9, 1: 0, 2: 0, 3: 0, 4: 0}",1
303,False,"{'a': 0.33790037770433234, 'e': 0.1379003777043323}",25,20,9.426880581780267,"{0: 5, 1: 0, 2: 0, 3: 0, 4: 0}",1
304,False,"{'a': 0.3375200428408571, 'e': 0.1375200428408571}",25,20,10.127664751111066,"{0: 5, 1: 0, 2: 0, 3: 0, 4: 0}",1
305,False,"{'a': 0.3371409529382453, 'e': 0.13714095293824533}",20,12,13.209674339896807,"{0: 8, 1: 0, 2: 0, 3: 0, 4: 0}",1
306,False,"{'a': 0.33676309987275027, 'e': 0.13676309987275026}",20,12,14.9005000791607,"{0: 8, 1: 0, 2: 0, 3: 0, 4: 0}",1
307,False,"{'a': 0.33638647559988155, 'e': 0.1363864755998815}",30,22,18.315431672710897,"{0: 8, 1: 0, 2: 0, 3: 0, 4: 0}",1
308,False,"{'a': 0.33601107215337744, 'e': 0.13601107215337743}",20,12,16.884602426670593,"{0: 8, 1: 0, 2: 0, 3: 0, 4: 0}",1
309,False,"{'a': 0.3356368816441939, 'e': 0.13563688164419394}",35,21,25.881317228280977,"{0: 14, 1: 0, 2: 0, 3: 0, 4: 0}",1
310,False,"{'a': 0.33526389625951003, 'e': 0.13526389625951}",25,7,30.359395419098178,"{0: 18, 1: 0, 2: 0, 3: 0, 4: 0}",1
311,False,"{'a': 0.33489210826174864, 'e': 0.1348921082617486}",20,7,26.794803666228983,"{0: 13, 1: 0, 2: 0, 3: 0, 4: 0}",1
312,False,"{'a': 0.33452150998761376, 'e': 0.13452150998761375}",20,14,12.667121832880007,"{0: 6, 1: 0, 2: 0, 3: 0, 4: 0}",1
313,False,"{'a': 0.33415209384714273, 'e': 0.1341520938471427}",25,13,16.26857325297256,"{0: 12, 1: 0, 2: 0, 3: 0, 4: 0}",1
314,False,"{'a': 0.3337838523227732, 'e': 0.1337838523227732}",25,16,17.65634010802382,"{0: 9, 1: 0, 2: 0, 3: 0, 4: 0}",1
315,False,"{'a': 0.33341677796842567, 'e': 0.13341677796842566}",20,10,19.35122185183197,"{0: 10, 1: 0, 2: 0, 3: 0, 4: 0}",1
316,False,"{'a': 0.33305086340859963, 'e': 0.13305086340859962}",20,0,33.10450075475684,"{0: 20, 1: 0, 2: 0, 3: 0, 4: 0}",0
317,False,"{'a': 0.33268610133748466, 'e': 0.13268610133748462}",30,19,23.1337582929049,"{0: 11, 1: 0, 2: 0, 3: 0, 4: 0}",1
318,False,"{'a': 0.332322484518085, 'e': 0.132322484518085}",30,12,28.452352083702884,"{0: 18, 1: 0, 2: 0, 3: 0, 4: 0}",1
319,False,"{'a': 0.3319600057813584, 'e': 0.13196000578135839}",20,16,7.661777538472309,"{0: 4, 1: 0, 2: 0, 3: 0, 4: 0}",1
320,False,"{'a': 0.3315986580253675, 'e': 0.13159865802536744}",20,16,7.397340237555216,"{0: 4, 1: 0, 2: 0, 3: 0, 4: 0}",1
321,False,"{'a': 0.3312384342144451, 'e': 0.1312384342144451}",20,0,28.331198281122557,"{0: 20, 1: 0, 2: 0, 3: 0, 4: 0}",0
322,False,"{'a': 0.33087932737837256, 'e': 0.13087932737837257}",20,12,16.002760922270323,"{0: 8, 1: 0, 2: 0, 3: 0, 4: 0}",1
323,False,"{'a': 0.3305213306115701, 'e': 0.13052133061157006}",20,10,19.835832689138694,"{0: 10, 1: 0, 2: 0, 3: 0, 4: 0}",1
324,False,"{'a': 0.33016443707230014, 'e': 0.13016443707230013}",20,6,20.88354632339597,"{0: 14, 1: 0, 2: 0, 3: 0, 4: 0}",1
325,False,"{'a': 0.3298086399818829, 'e': 0.12980863998188294}",25,15,17.426376169344334,"{0: 10, 1: 0, 2: 0, 3: 0, 4: 0}",1
326,False,"{'a': 0.32945393262392375, 'e': 0.1294539326239237}",25,15,18.286472121602404,"{0: 10, 1: 0, 2: 0, 3: 0, 4: 0}",1
327,False,"{'a': 0.32910030834355225, 'e': 0.12910030834355224}",30,13,29.401818246232306,"{0: 17, 1: 0, 2: 0, 3: 0, 4: 0}",1
328,False,"{'a': 0.32874776054667354, 'e': 0.1287477605466735}",25,17,14.769754269848503,"{0: 8, 1: 0, 2: 0, 3: 0, 4: 0}",1
329,False,"{'a': 0.32839628269923005, 'e': 0.12839628269923}",20,9,19.195195115084072,"{0: 11, 1: 0, 2: 0, 3: 0, 4: 0}",1
330,False,"{'a': 0.328045868326475, 'e': 0.128045868326475}",25,18,9.932975074834571,"{0: 7, 1: 0, 2: 0, 3: 0, 4: 0}",1
331,False,"{'a': 0.32769651101225705, 'e': 0.127696511012257}",25,13,19.663417699948713,"{0: 12, 1: 0, 2: 0, 3: 0, 4: 0}",1
332,False,"{'a': 0.3273482043983147, 'e': 0.12734820439831468}",25,16,13.501437900465053,"{0: 9, 1: 0, 2: 0, 3: 0, 4: 0}",1
333,False,"{'a': 0.32700094218358283, 'e': 0.12700094218358282}",30,20,19.422143813360158,"{0: 10, 1: 0, 2: 0, 3: 0, 4: 0}",1
334,False,"{'a': 0.326654718123508, 'e': 0.12665471812350795}",25,15,20.36655726580925,"{0: 10, 1: 0, 2: 0, 3: 0, 4: 0}",1
335,False,"{'a': 0.32630952602937496, 'e': 0.12630952602937495}",20,6,21.99388043780145,"{0: 14, 1: 0, 2: 0, 3: 0, 4: 0}",1
336,False,"{'a': 0.32596535976764307, 'e': 0.12596535976764306}",20,9,19.84327717450347,"{0: 11, 1: 0, 2: 0, 3: 0, 4: 0}",1
337,False,"{'a': 0.32562221325929214, 'e': 0.12562221325929213}",25,10,23.273564214746713,"{0: 15, 1: 0, 2: 0, 3: 0, 4: 0}",1
338,False,"{'a': 0.3252800804791781, 'e': 0.1252800804791781}",20,6,23.86666707824353,"{0: 14, 1: 0, 2: 0, 3: 0, 4: 0}",1
339,False,"{'a': 0.3249389554553987, 'e': 0.12493895545539867}",25,0,33.420317036640576,"{0: 25, 1: 0, 2: 0, 3: 0, 4: 0}",0
340,False,"{'a': 0.3245988322686673, 'e': 0.12459883226866732}",20,13,12.773241358294548,"{0: 7, 1: 0, 2: 0, 3: 0, 4: 0}",1
341,False,"{'a': 0.3242597050516974, 'e': 0.12425970505169735}",30,21,13.92188303516154,"{0: 9, 1: 0, 2: 0, 3: 0, 4: 0}",1
342,False,"{'a': 0.32392156798859456, 'e': 0.12392156798859456}",25,20,8.159323897590227,"{0: 5, 1: 0, 2: 0, 3: 0, 4: 0}",1
343,False,"{'a': 0.3235844153142587, 'e': 0.12358441531425866}",30,22,14.86880180952023,"{0: 8, 1: 0, 2: 0, 3: 0, 4: 0}",1
344,False,"{'a': 0.3232482413137936, 'e': 0.1232482413137936}",20,10,19.88318104795867,"{0: 10, 1: 0, 2: 0, 3: 0, 4: 0}",1
345,False,"{'a': 0.3229130403219263, 'e': 0.12291304032192628}",20,0,32.54180790617901,"{0: 20, 1: 0, 2: 0, 3: 0, 4: 0}",0
346,False,"{'a': 0.3225788067224337, 'e': 0.12257880672243372}",20,12,11.403565449147697,"{0: 8, 1: 0, 2: 0, 3: 0, 4: 0}",1
347,False,"{'a': 0.3222455349475785, 'e': 0.12224553494757849}",20,12,18.063139082396756,"{0: 8, 1: 0, 2: 0, 3: 0, 4: 0}",1
348,False,"{'a': 0.32191321947755214, 'e': 0.1219132194775521}",30,15,22.7891648356295,"{0: 15, 1: 0, 2: 0, 3: 0, 4: 0}",1
349,False,"{'a': 0.3215818548399266, 'e': 0.12158185483992656}",20,0,30.616198329119296,"{0: 20, 1: 0, 2: 0, 3: 0, 4: 0}",0
350,False,"{'a': 0.3212514356091137, 'e': 0.12125143560911365}",20,14,10.225953901574949,"{0: 6, 1: 0, 2: 0, 3: 0, 4: 0}",1
351,False,"{'a': 0.32092195640583177, 'e': 0.12092195640583178}",20,16,5.445704210380329,"{0: 4, 1: 0, 2: 0, 3: 0, 4: 0}",1
352,False,"{'a': 0.32059341189658075, 'e': 0.12059341189658071}",20,0,35.4874227030055,"{0: 20, 1: 0, 2: 0, 3: 0, 4: 0}",0
353,False,"{'a': 0.32026579679312334, 'e': 0.12026579679312333}",25,13,22.64793477631152,"{0: 12, 1: 0, 2: 0, 3: 0, 4: 0}",1
354,False,"{'a': 0.319939105851975, 'e': 0.11993910585197497}",25,12,25.157391156004334,"{0: 13, 1: 0, 2: 0, 3: 0, 4: 0}",1
355,False,"{'a': 0.31961333387390006, 'e': 0.11961333387390004}",20,15,8.8943084286251,"{0: 5, 1: 0, 2: 0, 3: 0, 4: 0}",1
356,False,"{'a': 0.31928847570341523, 'e': 0.11928847570341522}",25,5,30.402520453927295,"{0: 20, 1: 0, 2: 0, 3: 0, 4: 0}",1
357,False,"{'a': 0.3189645262283003, 'e': 0.11896452622830025}",20,10,16.926355160636792,"{0: 10, 1: 0, 2: 0, 3: 0, 4: 0}",1
358,False,"{'a': 0.318641480379115, 'e': 0.118641480379115}",30,23,12.123964282081934,"{0: 7, 1: 0, 2: 0, 3: 0, 4: 0}",1
359,False,"{'a': 0.3183193331287235, 'e': 0.11831933312872348}",20,11,17.82244608722175,"{0: 9, 1: 0, 2: 0, 3: 0, 4: 0}",1
360,False,"{'a': 0.3179980794918247, 'e': 0.11799807949182467}",25,18,11.036823627762072,"{0: 7, 1: 0, 2: 0, 3: 0, 4: 0}",1
361,False,"{'a': 0.31767771452448923, 'e': 0.11767771452448925}",20,14,8.640781937629207,"{0: 6, 1: 0, 2: 0, 3: 0, 4: 0}",1
362,False,"{'a': 0.3173582333237034, 'e': 0.1173582333237034}",20,2,29.72142740161929,"{0: 18, 1: 0, 2: 0, 3: 0, 4: 0}",1
363,False,"{'a': 0.3170396310269185, 'e': 0.1170396310269185}",20,8,19.61433515457169,"{0: 12, 1: 0, 2: 0, 3: 0, 4: 0}",1
364,False,"{'a': 0.31672190281160684, 'e': 0.11672190281160684}",25,0,34.659998979425644,"{0: 25, 1: 0, 2: 0, 3: 0, 4: 0}",0
365,False,"{'a': 0.31640504389482393, 'e': 0.11640504389482391}",25,13,18.758617824143712,"{0: 12, 1: 0, 2: 0, 3: 0, 4: 0}",1
366,False,"{'a': 0.3160890495327763, 'e': 0.11608904953277625}",30,23,13.4284514276092,"{0: 7, 1: 0, 2: 0, 3: 0, 4: 0}",1
367,False,"{'a': 0.3157739150203954, 'e': 0.11577391502039538}",20,11,16.21569482554548,"{0: 9, 1: 0, 2: 0, 3: 0, 4: 0}",1
368,False,"{'a': 0.31545963569091734, 'e': 0.11545963569091733}",20,0,30.191427063360393,"{0: 20, 1: 0, 2: 0, 3: 0, 4: 0}",0
369,False,"{'a': 0.31514620691546813, 'e': 0.11514620691546809}",25,15,18.869926096271143,"{0: 10, 1: 0, 2: 0, 3: 0, 4: 0}",1
370,False,"{'a': 0.31483362410265453, 'e': 0.11483362410265452}",25,8,26.683735759861666,"{0: 17, 1: 0, 2: 0, 3: 0, 4: 0}",1
371,False,"{'a': 0.3145218826981607, 'e': 0.11452188269816074}",30,24,10.132564368457912,"{0: 6, 1: 0, 2: 0, 3: 0, 4: 0}",1
372,False,"{'a': 0.31421097818435006, 'e': 0.11421097818435007}",20,10,20.574800712984338,"{0: 10, 1: 0, 2: 0, 3: 0, 4: 0}",1
373,False,"{'a': 0.3139009060798721, 'e': 0.11390090607987205}",30,13,28.252255445398504,"{0: 17, 1: 0, 2: 0, 3: 0, 4: 0}",1
374,False,"{'a': 0.31359166193927507, 'e': 0.11359166193927506}",25,19,11.416482512669855,"{0: 6, 1: 0, 2: 0, 3: 0, 4: 0}",1
375,False,"{'a': 0.3132832413526238, 'e': 0.11328324135262381}",20,10,16.61131356420853,"{0: 10, 1: 0, 2: 0, 3: 0, 4: 0}",1
376,False,"{'a': 0.312975639945122, 'e': 0.112975639945122}",20,12,10.436835648847852,"{0: 8, 1: 0, 2: 0, 3: 0, 4: 0}",1
377,False,"{'a': 0.31266885337674, 'e': 0.11266885337674001}",20,6,23.650966140133622,"{0: 14, 1: 0, 2: 0, 3: 0, 4: 0}",1
378,False,"{'a': 0.3123628773418475, 'e': 0.11236287734184747}",25,7,32.9000165596309,"{0: 18, 1: 0, 2: 0, 3: 0, 4: 0}",1
379,False,"{'a': 0.31205770756885076, 'e': 0.11205770756885074}",20,9,23.68650141003186,"{0: 11, 1: 0, 2: 0, 3: 0, 4: 0}",1
380,False,"{'a': 0.311753339819835, 'e': 0.11175333981983497}",30,16,25.425934321474944,"{0: 14, 1: 0, 2: 0, 3: 0, 4: 0}",1
381,False,"{'a': 0.3114497698902111, 'e': 0.1114497698902111}",30,14,31.285313690013638,"{0: 16, 1: 0, 2: 0, 3: 0, 4: 0}",1
382,False,"{'a': 0.3111469936083674, 'e': 0.11114699360836737}",20,5,21.242451496143293,"{0: 15, 1: 0, 2: 0, 3: 0, 4: 0}",1
383,False,"{'a': 0.31084500683532523, 'e': 0.11084500683532521}",20,14,10.306694425683492,"{0: 6, 1: 0, 2: 0, 3: 0, 4: 0}",1
384,False,"{'a': 0.3105438054643999, 'e': 0.11054380546439992}",20,11,12.451937263453187,"{0: 9, 1: 0, 2: 0, 3: 0, 4: 0}",1
385,False,"{'a': 0.31024338542086544, 'e': 0.11024338542086543}",30,17,24.0061576173291,"{0: 13, 1: 0, 2: 0, 3: 0, 4: 0}",1
386,False,"{'a': 0.3099437426616237, 'e': 0.1099437426616237}",20,15,7.832193865833604,"{0: 5, 1: 0, 2: 0, 3: 0, 4: 0}",1
387,False,"{'a': 0.30964487317487815, 'e': 0.10964487317487814}",20,14,12.927335620022243,"{0: 6, 1: 0, 2: 0, 3: 0, 4: 0}",1
388,False,"{'a': 0.3093467729798114, 'e': 0.10934677297981135}",20,3,24.732347759352233,"{0: 17, 1: 0, 2: 0, 3: 0, 4: 0}",1
389,False,"{'a': 0.30904943812626695, 'e': 0.10904943812626697}",25,15,18.596188151155307,"{0: 10, 1: 0, 2: 0, 3: 0, 4: 0}",1
390,False,"{'a': 0.30875286469443564, 'e': 0.1087528646944356}",25,16,16.168742882336442,"{0: 9, 1: 0, 2: 0, 3: 0, 4: 0}",1
391,False,"{'a': 0.30845704879454483, 'e': 0.10845704879454482}",20,8,21.50148877054894,"{0: 12, 1: 0, 2: 0, 3: 0, 4: 0}",1
392,False,"{'a': 0.30816198656655297, 'e': 0.10816198656655297}",20,0,23.788390470539202,"{0: 20, 1: 0, 2: 0, 3: 0, 4: 0}",0
393,False,"{'a': 0.307867674179847, 'e': 0.107867674179847}",25,13,19.995319001754066,"{0: 12, 1: 0, 2: 0, 3: 0, 4: 0}",1
394,False,"{'a': 0.30757410783294403, 'e': 0.10757410783294404}",25,12,24.95860826778699,"{0: 13, 1: 0, 2: 0, 3: 0, 4: 0}",1
395,False,"{'a': 0.3072812837531968, 'e': 0.1072812837531968}",35,20,26.276168017653116,"{0: 15, 1: 0, 2: 0, 3: 0, 4: 0}",1
396,False,"{'a': 0.3069891981965027, 'e': 0.10698919819650271}",25,16,18.82248924930493,"{0: 9, 1: 0, 2: 0, 3: 0, 4: 0}",1
397,False,"{'a': 0.30669784744701667, 'e': 0.10669784744701667}",30,24,10.807294432842848,"{0: 6, 1: 0, 2: 0, 3: 0, 4: 0}",1
398,False,"{'a': 0.30640722781686724, 'e': 0.1064072278168672}",25,19,9.883122085016556,"{0: 6, 1: 0, 2: 0, 3: 0, 4: 0}",1
399,False,"{'a': 0.3061173356458768, 'e': 0.10611733564587678}",25,6,28.436835508875145,"{0: 19, 1: 0, 2: 0, 3: 0, 4: 0}",1
400,False,"{'a': 0.3058281673012848, 'e': 0.1058281673012848}",20,14,8.44339341247435,"{0: 6, 1: 0, 2: 0, 3: 0, 4: 0}",1
401,False,"{'a': 0.30553971917747474, 'e': 0.10553971917747472}",25,20,11.31816852939087,"{0: 5, 1: 0, 2: 0, 3: 0, 4: 0}",1
402,False,"{'a': 0.3052519876957042, 'e': 0.10525198769570422}",25,14,21.19885782329122,"{0: 11, 1: 0, 2: 0, 3: 0, 4: 0}",1
403,False,"{'a': 0.30496496930383876, 'e': 0.10496496930383875}",20,14,10.624729712357597,"{0: 6, 1: 0, 2: 0, 3: 0, 4: 0}",1
404,False,"{'a': 0.3046786604760885, 'e': 0.10467866047608845}",20,11,16.59871597227684,"{0: 9, 1: 0, 2: 0, 3: 0, 4: 0}",1
405,False,"{'a': 0.3043930577127483, 'e': 0.10439305771274832}",20,10,15.136588457130419,"{0: 10, 1: 0, 2: 0, 3: 0, 4: 0}",1
406,False,"{'a': 0.3041081575399414, 'e': 0.10410815753994139}",30,11,37.234230495433415,"{0: 19, 1: 0, 2: 0, 3: 0, 4: 0}",1
407,False,"{'a': 0.30382395650936544, 'e': 0.10382395650936542}",20,15,10.210780597307574,"{0: 5, 1: 0, 2: 0, 3: 0, 4: 0}",1
408,False,"{'a': 0.30354045119804224, 'e': 0.10354045119804224}",30,16,26.68998182416111,"{0: 14, 1: 0, 2: 0, 3: 0, 4: 0}",1
409,False,"{'a': 0.3032576382080706, 'e': 0.10325763820807059}",30,13,29.611147550152925,"{0: 17, 1: 0, 2: 0, 3: 0, 4: 0}",1
410,False,"{'a': 0.30297551416638163, 'e': 0.10297551416638161}",20,11,18.300089675063358,"{0: 9, 1: 0, 2: 0, 3: 0, 4: 0}",1
411,False,"{'a': 0.30269407572449747, 'e': 0.10269407572449749}",20,16,8.683817689657554,"{0: 4, 1: 0, 2: 0, 3: 0, 4: 0}",1
412,False,"{'a': 0.30241331955829315, 'e': 0.10241331955829312}",25,20,9.062781726971442,"{0: 5, 1: 0, 2: 0, 3: 0, 4: 0}",1
413,False,"{'a': 0.30213324236776035, 'e': 0.10213324236776034}",35,25,15.231734962274272,"{0: 10, 1: 0, 2: 0, 3: 0, 4: 0}",1
414,False,"{'a': 0.30185384087677536, 'e': 0.10185384087677532}",25,11,21.70242480604508,"{0: 14, 1: 0, 2: 0, 3: 0, 4: 0}",1
415,False,"{'a': 0.30157511183286867, 'e': 0.10157511183286863}",20,10,16.868442422282556,"{0: 10, 1: 0, 2: 0, 3: 0, 4: 0}",1
416,False,"{'a': 0.301297052006998, 'e': 0.10129705200699803}",35,22,22.839897635526835,"{0: 13, 1: 0, 2: 0, 3: 0, 4: 0}",1
417,False,"{'a': 0.301019658193324, 'e': 0.10101965819332397}",25,19,10.330501013488819,"{0: 6, 1: 0, 2: 0, 3: 0, 4: 0}",1
418,False,"{'a': 0.300742927208988, 'e': 0.10074292720898795}",20,14,10.273347253166852,"{0: 6, 1: 0, 2: 0, 3: 0, 4: 0}",1
419,False,"{'a': 0.30046685589389327, 'e': 0.10046685589389324}",20,13,12.341375773925243,"{0: 7, 1: 0, 2: 0, 3: 0, 4: 0}",1
420,False,"{'a': 0.30019144111048846, 'e': 0.10019144111048847}",20,8,19.787332813658555,"{0: 12, 1: 0, 2: 0, 3: 0, 4: 0}",1
421,False,"{'a': 0.2999166797435537, 'e': 0.09991667974355367}",30,16,20.271827393401722,"{0: 14, 1: 0, 2: 0, 3: 0, 4: 0}",1
422,False,"{'a': 0.29964256869998873, 'e': 0.09964256869998873}",25,20,8.4503783331489,"{0: 5, 1: 0, 2: 0, 3: 0, 4: 0}",1
423,False,"{'a': 0.2993691049086047, 'e': 0.09936910490860466}",25,7,30.635176741478695,"{0: 18, 1: 0, 2: 0, 3: 0, 4: 0}",1
424,False,"{'a': 0.29909628531991694, 'e': 0.09909628531991696}",25,5,30.74659398743469,"{0: 20, 1: 0, 2: 0, 3: 0, 4: 0}",1
425,False,"{'a': 0.2988241069059417, 'e': 0.09882410690594166}",20,5,25.35092634157367,"{0: 15, 1: 0, 2: 0, 3: 0, 4: 0}",1
426,False,"{'a': 0.29855256665999363, 'e': 0.09855256665999365}",20,8,23.091376983325535,"{0: 12, 1: 0, 2: 0, 3: 0, 4: 0}",1
427,False,"{'a': 0.2982816615964875, 'e': 0.09828166159648748}",20,13,12.693041467026735,"{0: 7, 1: 0, 2: 0, 3: 0, 4: 0}",1
428,False,"{'a': 0.29801138875074024, 'e': 0.09801138875074024}",25,16,15.219000313991454,"{0: 9, 1: 0, 2: 0, 3: 0, 4: 0}",1
429,False,"{'a': 0.29774174517877694, 'e': 0.09774174517877696}",20,0,31.45569453207989,"{0: 20, 1: 0, 2: 0, 3: 0, 4: 0}",0
430,False,"{'a': 0.2974727279571383, 'e': 0.09747272795713827}",30,22,16.506401085559414,"{0: 8, 1: 0, 2: 0, 3: 0, 4: 0}",1
431,False,"{'a': 0.29720433418269016, 'e': 0.09720433418269013}",25,19,11.339322611947487,"{0: 6, 1: 0, 2: 0, 3: 0, 4: 0}",1
432,False,"{'a': 0.2969365609724359, 'e': 0.0969365609724359}",30,15,29.30168197811632,"{0: 15, 1: 0, 2: 0, 3: 0, 4: 0}",1
433,False,"{'a': 0.29666940546333054, 'e': 0.09666940546333051}",25,15,18.286970104260988,"{0: 10, 1: 0, 2: 0, 3: 0, 4: 0}",1
434,False,"{'a': 0.29640286481209677, 'e': 0.09640286481209674}",20,16,6.693959990292666,"{0: 4, 1: 0, 2: 0, 3: 0, 4: 0}",1
435,False,"{'a': 0.2961369361950438, 'e': 0.09613693619504377}",20,16,8.465430187954915,"{0: 4, 1: 0, 2: 0, 3: 0, 4: 0}",1
436,False,"{'a': 0.29587161680788754, 'e': 0.09587161680788754}",20,12,11.061609767128143,"{0: 8, 1: 0, 2: 0, 3: 0, 4: 0}",1
437,False,"{'a': 0.29560690386557353, 'e': 0.0956069038655735}",30,11,33.67242787311139,"{0: 19, 1: 0, 2: 0, 3: 0, 4: 0}",1
438,False,"{'a': 0.295342794602101, 'e': 0.09534279460210097}",35,15,33.71669142031413,"{0: 20, 1: 0, 2: 0, 3: 0, 4: 0}",1
439,False,"{'a': 0.29507928627035007, 'e': 0.09507928627035005}",35,23,19.768002608923517,"{0: 12, 1: 0, 2: 0, 3: 0, 4: 0}",1
440,False,"{'a': 0.29481637614190975, 'e': 0.09481637614190973}",25,11,24.31056524777425,"{0: 14, 1: 0, 2: 0, 3: 0, 4: 0}",1
441,False,"{'a': 0.2945540615069089, 'e': 0.09455406150690884}",20,13,9.967277929362552,"{0: 7, 1: 0, 2: 0, 3: 0, 4: 0}",1
442,False,"{'a': 0.29429233967384816, 'e': 0.09429233967384813}",20,11,16.32400045280413,"{0: 9, 1: 0, 2: 0, 3: 0, 4: 0}",1
443,False,"{'a': 0.2940312079694347, 'e': 0.09403120796943473}",20,0,28.33319571301662,"{0: 20, 1: 0, 2: 0, 3: 0, 4: 0}",0
444,False,"{'a': 0.2937706637384183, 'e': 0.09377066373841828}",30,9,37.17296279513197,"{0: 21, 1: 0, 2: 0, 3: 0, 4: 0}",1
445,False,"{'a': 0.29351070434342885, 'e': 0.09351070434342884}",30,16,23.85469521246583,"{0: 14, 1: 0, 2: 0, 3: 0, 4: 0}",1
446,False,"{'a': 0.29325132716481694, 'e': 0.09325132716481696}",20,16,6.892045769156313,"{0: 4, 1: 0, 2: 0, 3: 0, 4: 0}",1
447,False,"{'a': 0.29299252960049493, 'e': 0.09299252960049494}",20,9,21.445784323977023,"{0: 11, 1: 0, 2: 0, 3: 0, 4: 0}",1
448,False,"{'a': 0.29273430906578046, 'e': 0.09273430906578048}",20,7,18.191794939420998,"{0: 13, 1: 0, 2: 0, 3: 0, 4: 0}",1
449,False,"{'a': 0.2924766629932417, 'e': 0.09247666299324168}",25,17,15.2827570632149,"{0: 8, 1: 0, 2: 0, 3: 0, 4: 0}",1
450,False,"{'a': 0.29221958883254384, 'e': 0.09221958883254386}",35,17,34.812323812473906,"{0: 18, 1: 0, 2: 0, 3: 0, 4: 0}",1
451,False,"{'a': 0.2919630840502981, 'e': 0.09196308405029809}",25,6,38.9508531164309,"{0: 19, 1: 0, 2: 0, 3: 0, 4: 0}",1
452,False,"{'a': 0.2917071461299115, 'e': 0.0917071461299115}",20,10,15.763027808758274,"{0: 10, 1: 0, 2: 0, 3: 0, 4: 0}",1
453,False,"{'a': 0.29145177257143895, 'e': 0.09145177257143894}",20,0,27.600958419121554,"{0: 20, 1: 0, 2: 0, 3: 0, 4: 0}",0
454,False,"{'a': 0.2911969608914367, 'e': 0.0911969608914367}",20,9,16.295669902752216,"{0: 11, 1: 0, 2: 0, 3: 0, 4: 0}",1
455,False,"{'a': 0.29094270862281735, 'e': 0.09094270862281734}",25,7,32.937570914591916,"{0: 18, 1: 0, 2: 0, 3: 0, 4: 0}",1
456,False,"{'a': 0.2906890133147066, 'e': 0.09068901331470659}",25,4,34.63269424802382,"{0: 21, 1: 0, 2: 0, 3: 0, 4: 0}",1
457,False,"{'a': 0.2904358725323016, 'e': 0.09043587253230155}",20,16,7.496340038165844,"{0: 4, 1: 0, 2: 0, 3: 0, 4: 0}",1
458,False,"{'a': 0.2901832838567303, 'e': 0.09018328385673031}",20,6,21.23008700010204,"{0: 14, 1: 0, 2: 0, 3: 0, 4: 0}",1
459,False,"{'a': 0.28993124488491356, 'e': 0.08993124488491355}",35,28,13.295423459132135,"{0: 7, 1: 0, 2: 0, 3: 0, 4: 0}",1
460,False,"{'a': 0.2896797532294272, 'e': 0.08967975322942714}",20,16,6.216330722454457,"{0: 4, 1: 0, 2: 0, 3: 0, 4: 0}",1
461,False,"{'a': 0.2894288065183665, 'e': 0.0894288065183665}",30,18,20.877365220207388,"{0: 12, 1: 0, 2: 0, 3: 0, 4: 0}",1
462,False,"{'a': 0.2891784023952125, 'e': 0.08917840239521246}",20,14,11.116230945743022,"{0: 6, 1: 0, 2: 0, 3: 0, 4: 0}",1
463,False,"{'a': 0.28892853851869843, 'e': 0.08892853851869842}",20,5,27.375675845545224,"{0: 15, 1: 0, 2: 0, 3: 0, 4: 0}",1
464,False,"{'a': 0.2886792125626789, 'e': 0.08867921256267892}",20,8,19.44134273674376,"{0: 12, 1: 0, 2: 0, 3: 0, 4: 0}",1
465,False,"{'a': 0.2884304222159999, 'e': 0.08843042221599992}",30,22,17.237144132581808,"{0: 8, 1: 0, 2: 0, 3: 0, 4: 0}",1
466,False,"{'a': 0.28818216518237005, 'e': 0.08818216518237006}",25,17,17.66032596782592,"{0: 8, 1: 0, 2: 0, 3: 0, 4: 0}",1
467,False,"{'a': 0.28793443918023354, 'e': 0.08793443918023355}",30,20,21.29516477846993,"{0: 10, 1: 0, 2: 0, 3: 0, 4: 0}",1
468,False,"{'a': 0.28768724194264444, 'e': 0.08768724194264442}",20,16,5.111913193075851,"{0: 4, 1: 0, 2: 0, 3: 0, 4: 0}",1
469,False,"{'a': 0.287440571217142, 'e': 0.08744057121714198}",25,15,18.586778586991958,"{0: 10, 1: 0, 2: 0, 3: 0, 4: 0}",1
470,False,"{'a': 0.2871944247656277, 'e': 0.08719442476562765}",20,15,9.049394172781408,"{0: 5, 1: 0, 2: 0, 3: 0, 4: 0}",1
471,False,"{'a': 0.28694880036424325, 'e': 0.08694880036424323}",20,7,19.28373776987984,"{0: 13, 1: 0, 2: 0, 3: 0, 4: 0}",1
472,False,"{'a': 0.2867036958032502, 'e': 0.08670369580325021}",25,12,27.426020145751586,"{0: 13, 1: 0, 2: 0, 3: 0, 4: 0}",1
473,False,"{'a': 0.2864591088869106, 'e': 0.08645910888691061}",25,18,11.40633517884214,"{0: 7, 1: 0, 2: 0, 3: 0, 4: 0}",1
474,False,"{'a': 0.28621503743336885, 'e': 0.08621503743336886}",20,9,19.6634788118187,"{0: 11, 1: 0, 2: 0, 3: 0, 4: 0}",1
475,False,"{'a': 0.28597147927453515, 'e': 0.08597147927453512}",25,17,14.91881983926229,"{0: 8, 1: 0, 2: 0, 3: 0, 4: 0}",1
476,False,"{'a': 0.2857284322559696, 'e': 0.08572843225596959}",25,11,25.304147059916424,"{0: 14, 1: 0, 2: 0, 3: 0, 4: 0}",1
477,False,"{'a': 0.2854858942367683, 'e': 0.08548589423676826}",25,13,18.365138633090776,"{0: 12, 1: 0, 2: 0, 3: 0, 4: 0}",1
478,False,"{'a': 0.2852438630894498, 'e': 0.08524386308944978}",20,10,18.57229279813973,"{0: 10, 1: 0, 2: 0, 3: 0, 4: 0}",1
479,False,"{'a': 0.28500233669984343, 'e': 0.08500233669984339}",30,22,13.026777770528174,"{0: 8, 1: 0, 2: 0, 3: 0, 4: 0}",1
480,False,"{'a': 0.28476131296697815, 'e': 0.08476131296697817}",30,20,20.035617549057303,"{0: 10, 1: 0, 2: 0, 3: 0, 4: 0}",1
481,False,"{'a': 0.28452078980297346, 'e': 0.08452078980297342}",20,12,11.611300267785012,"{0: 8, 1: 0, 2: 0, 3: 0, 4: 0}",1
482,False,"{'a': 0.2842807651329301, 'e': 0.08428076513293006}",25,2,31.94472277264083,"{0: 23, 1: 0, 2: 0, 3: 0, 4: 0}",1
483,False,"{'a': 0.2840412368948233, 'e': 0.0840412368948233}",20,10,16.588240183000888,"{0: 10, 1: 0, 2: 0, 3: 0, 4: 0}",1
484,False,"{'a': 0.28380220303939635, 'e': 0.08380220303939633}",25,13,22.566188363193167,"{0: 12, 1: 0, 2: 0, 3: 0, 4: 0}",1
485,False,"{'a': 0.2835636615300551, 'e': 0.08356366153005508}",30,18,21.753966256769022,"{0: 12, 1: 0, 2: 0, 3: 0, 4: 0}",1
486,False,"{'a': 0.28332561034276416, 'e': 0.08332561034276414}",30,23,13.194634856102427,"{0: 7, 1: 0, 2: 0, 3: 0, 4: 0}",1
487,False,"{'a': 0.28308804746594385, 'e': 0.08308804746594381}",20,3,25.01149432920887,"{0: 17, 1: 0, 2: 0, 3: 0, 4: 0}",1
488,False,"{'a': 0.2828509709003679, 'e': 0.08285097090036792}",25,0,36.89749715695057,"{0: 25, 1: 0, 2: 0, 3: 0, 4: 0}",0
489,False,"{'a': 0.282614378659063, 'e': 0.08261437865906301}",20,16,7.875208143691132,"{0: 4, 1: 0, 2: 0, 3: 0, 4: 0}",1
490,False,"{'a': 0.2823782687672084, 'e': 0.08237826876720838}",20,10,19.951434042012274,"{0: 10, 1: 0, 2: 0, 3: 0, 4: 0}",1
491,False,"{'a': 0.28214263926203725, 'e': 0.08214263926203724}",30,22,14.13897686514082,"{0: 8, 1: 0, 2: 0, 3: 0, 4: 0}",1
492,False,"{'a': 0.28190748819273864, 'e': 0.08190748819273865}",25,10,22.895047980779196,"{0: 15, 1: 0, 2: 0, 3: 0, 4: 0}",1
493,False,"{'a': 0.2816728136203608, 'e': 0.0816728136203608}",20,4,23.810849351849026,"{0: 16, 1: 0, 2: 0, 3: 0, 4: 0}",1
494,False,"{'a': 0.281438613617715, 'e': 0.081438613617715}",25,12,23.702670297514857,"{0: 13, 1: 0, 2: 0, 3: 0, 4: 0}",1
495,False,"{'a': 0.28120488626928064, 'e': 0.08120488626928064}",25,16,18.751281493774762,"{0: 9, 1: 0, 2: 0, 3: 0, 4: 0}",1
496,False,"{'a': 0.2809716296711114, 'e': 0.08097162967111139}",20,5,21.50871570069599,"{0: 15, 1: 0, 2: 0, 3: 0, 4: 0}",1
497,False,"{'a': 0.28073884193074194, 'e': 0.08073884193074196}",30,12,30.078242571921677,"{0: 18, 1: 0, 2: 0, 3: 0, 4: 0}",1
498,False,"{'a': 0.28050652116709596, 'e': 0.08050652116709597}",20,8,19.138522876078078,"{0: 12, 1: 0, 2: 0, 3: 0, 4: 0}",1
499,False,"{'a': 0.280274665510395, 'e': 0.08027466551039496}",30,21,16.37424651667684,"{0: 9, 1: 0, 2: 0, 3: 0, 4: 0}",1
500,False,"{'a': 0.2800432731020678, 'e': 0.08004327310206777}",30,14,28.510368140755645,"{0: 16, 1: 0, 2: 0, 3: 0, 4: 0}",1
501,False,"{'a': 0.2798123420946615, 'e': 0.07981234209466148}",25,13,21.403032430003222,"{0: 12, 1: 0, 2: 0, 3: 0, 4: 0}",1
502,False,"{'a': 0.27958187065175266, 'e': 0.07958187065175268}",25,18,15.03396268799998,"{0: 7, 1: 0, 2: 0, 3: 0, 4: 0}",1
503,False,"{'a': 0.2793518569478599, 'e': 0.0793518569478599}",25,14,21.317616303801746,"{0: 11, 1: 0, 2: 0, 3: 0, 4: 0}",1
504,False,"{'a': 0.27912229916835696, 'e': 0.07912229916835693}",20,15,9.588700879678598,"{0: 5, 1: 0, 2: 0, 3: 0, 4: 0}",1
505,False,"{'a': 0.2788931955093869, 'e': 0.07889319550938688}",25,18,12.87714784865013,"{0: 7, 1: 0, 2: 0, 3: 0, 4: 0}",1
506,False,"{'a': 0.2786645441777771, 'e': 0.07866454417777705}",25,6,29.16401483189764,"{0: 19, 1: 0, 2: 0, 3: 0, 4: 0}",1
507,False,"{'a': 0.27843634339095485, 'e': 0.07843634339095484}",30,24,11.357031547570049,"{0: 6, 1: 0, 2: 0, 3: 0, 4: 0}",1
508,False,"{'a': 0.2782085913768643, 'e': 0.07820859137686431}",20,16,6.48435033378883,"{0: 4, 1: 0, 2: 0, 3: 0, 4: 0}",1
509,False,"{'a': 0.27798128637388364, 'e': 0.0779812863738836}",20,12,14.911481472981366,"{0: 8, 1: 0, 2: 0, 3: 0, 4: 0}",1
510,False,"{'a': 0.27775442663074323, 'e': 0.07775442663074324}",30,23,13.875063596439963,"{0: 7, 1: 0, 2: 0, 3: 0, 4: 0}",1
511,False,"{'a': 0.27752801040644515, 'e': 0.07752801040644511}",35,14,40.82591099025167,"{0: 21, 1: 0, 2: 0, 3: 0, 4: 0}",1
512,False,"{'a': 0.2773020359701823, 'e': 0.0773020359701823}",30,4,41.85897195812891,"{0: 26, 1: 0, 2: 0, 3: 0, 4: 0}",1
513,False,"{'a': 0.2770765016012598, 'e': 0.07707650160125978}",20,10,17.797718691367212,"{0: 10, 1: 0, 2: 0, 3: 0, 4: 0}",1
514,False,"{'a': 0.2768514055890157, 'e': 0.07685140558901572}",25,4,36.669713764327646,"{0: 21, 1: 0, 2: 0, 3: 0, 4: 0}",1
515,False,"{'a': 0.27662674623274364, 'e': 0.07662674623274363}",30,15,26.59944500901703,"{0: 15, 1: 0, 2: 0, 3: 0, 4: 0}",1
516,False,"{'a': 0.27640252184161535, 'e': 0.07640252184161532}",35,17,21.956763101578172,"{0: 18, 1: 0, 2: 0, 3: 0, 4: 0}",1
517,False,"{'a': 0.2761787307346045, 'e': 0.07617873073460452}",20,16,7.770281063319889,"{0: 4, 1: 0, 2: 0, 3: 0, 4: 0}",1
518,False,"{'a': 0.27595537124041125, 'e': 0.07595537124041124}",30,0,41.94177307599206,"{0: 30, 1: 0, 2: 0, 3: 0, 4: 0}",0
519,False,"{'a': 0.2757324416973869, 'e': 0.0757324416973869}",20,0,24.31470086311878,"{0: 20, 1: 0, 2: 0, 3: 0, 4: 0}",0
520,False,"{'a': 0.27550994045346017, 'e': 0.07550994045346014}",20,11,15.608291532278711,"{0: 9, 1: 0, 2: 0, 3: 0, 4: 0}",1
521,False,"{'a': 0.27528786586606346, 'e': 0.07528786586606342}",20,2,32.35369028440518,"{0: 18, 1: 0, 2: 0, 3: 0, 4: 0}",1
522,False,"{'a': 0.2750662163020602, 'e': 0.0750662163020602}",20,16,8.209880745434743,"{0: 4, 1: 0, 2: 0, 3: 0, 4: 0}",1
523,False,"{'a': 0.27484499013767294, 'e': 0.07484499013767291}",20,16,6.401257063665453,"{0: 4, 1: 0, 2: 0, 3: 0, 4: 0}",1
524,False,"{'a': 0.2746241857584115, 'e': 0.07462418575841151}",20,0,28.18106707945637,"{0: 20, 1: 0, 2: 0, 3: 0, 4: 0}",1
525,False,"{'a': 0.27440380155900296, 'e': 0.07440380155900295}",25,10,23.67299556421257,"{0: 15, 1: 0, 2: 0, 3: 0, 4: 0}",1
526,False,"{'a': 0.27418383594332096, 'e': 0.07418383594332092}",20,6,27.77363296325424,"{0: 14, 1: 0, 2: 0, 3: 0, 4: 0}",1
527,False,"{'a': 0.27396428732431677, 'e': 0.07396428732431676}",20,2,28.74103243139393,"{0: 18, 1: 0, 2: 0, 3: 0, 4: 0}",1
528,False,"{'a': 0.2737451541239505, 'e': 0.07374515412395048}",25,19,12.373971179186196,"{0: 6, 1: 0, 2: 0, 3: 0, 4: 0}",1
529,False,"{'a': 0.27352643477312294, 'e': 0.07352643477312294}",20,12,13.401254148684632,"{0: 8, 1: 0, 2: 0, 3: 0, 4: 0}",1
530,False,"{'a': 0.2733081277116083, 'e': 0.07330812771160827}",20,16,9.654972050555621,"{0: 4, 1: 0, 2: 0, 3: 0, 4: 0}",1
531,False,"{'a': 0.27309023138798716, 'e': 0.07309023138798718}",25,18,15.118010636440014,"{0: 7, 1: 0, 2: 0, 3: 0, 4: 0}",1
532,False,"{'a': 0.27287274425958075, 'e': 0.07287274425958076}",35,22,22.364132641756235,"{0: 13, 1: 0, 2: 0, 3: 0, 4: 0}",1
533,False,"{'a': 0.272655664792385, 'e': 0.07265566479238499}",20,16,6.92154706418272,"{0: 4, 1: 0, 2: 0, 3: 0, 4: 0}",1
534,False,"{'a': 0.2724389914610058, 'e': 0.07243899146100578}",30,22,15.494116861165011,"{0: 8, 1: 0, 2: 0, 3: 0, 4: 0}",1
535,False,"{'a': 0.2722227227485947, 'e': 0.0722227227485947}",30,23,12.015569526665988,"{0: 7, 1: 0, 2: 0, 3: 0, 4: 0}",1
536,False,"{'a': 0.2720068571467852, 'e': 0.0720068571467852}",25,11,21.836326443390323,"{0: 14, 1: 0, 2: 0, 3: 0, 4: 0}",1
537,False,"{'a': 0.2717913931556296, 'e': 0.07179139315562957}",20,8,21.628124948270838,"{0: 12, 1: 0, 2: 0, 3: 0, 4: 0}",1
538,False,"{'a': 0.27157632928353637, 'e': 0.07157632928353637}",30,20,17.701427587941687,"{0: 10, 1: 0, 2: 0, 3: 0, 4: 0}",1
539,False,"{'a': 0.2713616640472084, 'e': 0.07136166404720841}",20,16,9.339834227571366,"{0: 4, 1: 0, 2: 0, 3: 0, 4: 0}",1
540,False,"{'a': 0.27114739597158155, 'e': 0.07114739597158151}",20,14,12.218669737774977,"{0: 6, 1: 0, 2: 0, 3: 0, 4: 0}",1
541,False,"{'a': 0.2709335235897635, 'e': 0.07093352358976351}",25,3,35.79666372372894,"{0: 22, 1: 0, 2: 0, 3: 0, 4: 0}",1
542,False,"{'a': 0.2707200454429742, 'e': 0.07072004544297417}",30,11,35.579629409606895,"{0: 19, 1: 0, 2: 0, 3: 0, 4: 0}",1
543,False,"{'a': 0.27050696008048536, 'e': 0.07050696008048538}",25,9,27.617312267610526,"{0: 16, 1: 0, 2: 0, 3: 0, 4: 0}",1
544,False,"{'a': 0.2702942660595621, 'e': 0.07029426605956206}",20,8,23.71553064351891,"{0: 12, 1: 0, 2: 0, 3: 0, 4: 0}",1
545,False,"{'a': 0.27008196194540346, 'e': 0.07008196194540343}",25,4,34.871462612926315,"{0: 21, 1: 0, 2: 0, 3: 0, 4: 0}",1
546,False,"{'a': 0.2698700463110852, 'e': 0.06987004631108516}",25,2,40.33252398619627,"{0: 23, 1: 0, 2: 0, 3: 0, 4: 0}",1
547,False,"{'a': 0.2696585177375016, 'e': 0.06965851773750159}",20,9,16.24214879609597,"{0: 11, 1: 0, 2: 0, 3: 0, 4: 0}",1
548,False,"{'a': 0.2694473748133089, 'e': 0.06944737481330886}",30,13,32.92664957000274,"{0: 17, 1: 0, 2: 0, 3: 0, 4: 0}",1
549,False,"{'a': 0.2692366161348684, 'e': 0.06923661613486834}",25,4,33.40563564285472,"{0: 21, 1: 0, 2: 0, 3: 0, 4: 0}",1
550,False,"{'a': 0.2690262403061907, 'e': 0.06902624030619069}",25,10,25.877746618467075,"{0: 15, 1: 0, 2: 0, 3: 0, 4: 0}",1
551,False,"{'a': 0.2688162459388803, 'e': 0.06881624593888033}",35,25,17.90862245159268,"{0: 10, 1: 0, 2: 0, 3: 0, 4: 0}",1
552,False,"{'a': 0.26860663165208054, 'e': 0.06860663165208052}",20,15,9.681279467287066,"{0: 5, 1: 0, 2: 0, 3: 0, 4: 0}",1
553,False,"{'a': 0.26839739607241875, 'e': 0.06839739607241876}",20,9,21.738258806403515,"{0: 11, 1: 0, 2: 0, 3: 0, 4: 0}",1
554,False,"{'a': 0.268188537833953, 'e': 0.06818853783395303}",30,16,26.70616761033767,"{0: 14, 1: 0, 2: 0, 3: 0, 4: 0}",1
555,False,"{'a': 0.26798005557811805, 'e': 0.06798005557811802}",20,10,16.900353168307742,"{0: 10, 1: 0, 2: 0, 3: 0, 4: 0}",1
556,False,"{'a': 0.2677719479536723, 'e': 0.0677719479536723}",25,8,27.4885353182381,"{0: 17, 1: 0, 2: 0, 3: 0, 4: 0}",1
557,False,"{'a': 0.26756421361664573, 'e': 0.06756421361664569}",20,9,16.034649464392164,"{0: 11, 1: 0, 2: 0, 3: 0, 4: 0}",1
558,False,"{'a': 0.2673568512302872, 'e': 0.06735685123028715}",30,20,21.949226582204385,"{0: 10, 1: 0, 2: 0, 3: 0, 4: 0}",1
559,False,"{'a': 0.26714985946501324, 'e': 0.06714985946501324}",20,0,25.184035660961037,"{0: 20, 1: 0, 2: 0, 3: 0, 4: 0}",0
560,False,"{'a': 0.266943236998357, 'e': 0.06694323699835697}",25,20,8.775030366371023,"{0: 5, 1: 0, 2: 0, 3: 0, 4: 0}",1
561,False,"{'a': 0.26673698251491706, 'e': 0.06673698251491705}",20,3,33.119492850853085,"{0: 17, 1: 0, 2: 0, 3: 0, 4: 0}",1
562,False,"{'a': 0.2665310947063077, 'e': 0.06653109470630768}",25,14,15.595266950902534,"{0: 11, 1: 0, 2: 0, 3: 0, 4: 0}",1
563,False,"{'a': 0.26632557227110876, 'e': 0.06632557227110873}",30,7,33.36675555744852,"{0: 23, 1: 0, 2: 0, 3: 0, 4: 0}",1
564,False,"{'a': 0.26612041391481644, 'e': 0.0661204139148164}",25,17,14.14438295244358,"{0: 8, 1: 0, 2: 0, 3: 0, 4: 0}",1
565,False,"{'a': 0.26591561834979427, 'e': 0.06591561834979429}",20,6,27.503330528704936,"{0: 14, 1: 0, 2: 0, 3: 0, 4: 0}",1
566,False,"{'a': 0.2657111842952249, 'e': 0.0657111842952249}",25,19,9.66651353449801,"{0: 6, 1: 0, 2: 0, 3: 0, 4: 0}",1
567,False,"{'a': 0.26550711047706166, 'e': 0.06550711047706163}",25,16,14.334836664319793,"{0: 9, 1: 0, 2: 0, 3: 0, 4: 0}",1
568,False,"{'a': 0.265303395627981, 'e': 0.06530339562798101}",20,10,17.497202917407428,"{0: 10, 1: 0, 2: 0, 3: 0, 4: 0}",1
569,False,"{'a': 0.26510003848733565, 'e': 0.06510003848733563}",20,13,12.627478152410587,"{0: 7, 1: 0, 2: 0, 3: 0, 4: 0}",1
570,False,"{'a': 0.2648970378011072, 'e': 0.06489703780110719}",20,11,19.34135146850756,"{0: 9, 1: 0, 2: 0, 3: 0, 4: 0}",1
571,False,"{'a': 0.2646943923218602, 'e': 0.06469439232186021}",20,14,9.394847664803406,"{0: 6, 1: 0, 2: 0, 3: 0, 4: 0}",1
572,False,"{'a': 0.264492100808696, 'e': 0.064492100808696}",20,12,17.54386539007557,"{0: 8, 1: 0, 2: 0, 3: 0, 4: 0}",1
573,False,"{'a': 0.26429016202720707, 'e': 0.06429016202720704}",20,16,8.156590518302234,"{0: 4, 1: 0, 2: 0, 3: 0, 4: 0}",1
574,False,"{'a': 0.26408857474943187, 'e': 0.06408857474943186}",30,19,19.32504990877056,"{0: 11, 1: 0, 2: 0, 3: 0, 4: 0}",1
575,False,"{'a': 0.2638873377538101, 'e': 0.06388733775381013}",30,17,23.146601719796216,"{0: 13, 1: 0, 2: 0, 3: 0, 4: 0}",1
576,False,"{'a': 0.2636864498251383, 'e': 0.06368644982513828}",25,8,31.354710042649337,"{0: 17, 1: 0, 2: 0, 3: 0, 4: 0}",1
577,False,"{'a': 0.2634859097545256, 'e': 0.0634859097545256}",20,14,11.129924130412105,"{0: 6, 1: 0, 2: 0, 3: 0, 4: 0}",1
578,False,"{'a': 0.2632857163393504, 'e': 0.06328571633935035}",20,0,30.36098213142615,"{0: 20, 1: 0, 2: 0, 3: 0, 4: 0}",0
579,False,"{'a': 0.26308586838321674, 'e': 0.06308586838321673}",20,7,20.868514932312262,"{0: 13, 1: 0, 2: 0, 3: 0, 4: 0}",1
580,False,"{'a': 0.26288636469591187, 'e': 0.06288636469591183}",30,16,22.79530393352349,"{0: 14, 1: 0, 2: 0, 3: 0, 4: 0}",1
581,False,"{'a': 0.2626872040933631, 'e': 0.06268720409336308}",30,18,22.30458767431221,"{0: 12, 1: 0, 2: 0, 3: 0, 4: 0}",1
582,False,"{'a': 0.2624883853975963, 'e': 0.062488385397596255}",20,16,9.98927646118075,"{0: 4, 1: 0, 2: 0, 3: 0, 4: 0}",1
583,False,"{'a': 0.2622899074366935, 'e': 0.06228990743669349}",25,20,8.955400704152094,"{0: 5, 1: 0, 2: 0, 3: 0, 4: 0}",1
584,False,"{'a': 0.2620917690447519, 'e': 0.0620917690447519}",20,0,31.573116195890442,"{0: 20, 1: 0, 2: 0, 3: 0, 4: 0}",0
585,False,"{'a': 0.26189396906184254, 'e': 0.06189396906184253}",20,8,24.655889769345702,"{0: 12, 1: 0, 2: 0, 3: 0, 4: 0}",1
586,False,"{'a': 0.2616965063339695, 'e': 0.061696506333969496}",20,14,13.08703074898967,"{0: 6, 1: 0, 2: 0, 3: 0, 4: 0}",1
587,False,"{'a': 0.2614993797130298, 'e': 0.06149937971302976}",30,22,18.017846960270326,"{0: 8, 1: 0, 2: 0, 3: 0, 4: 0}",1
588,False,"{'a': 0.2613025880567729, 'e': 0.061302588056772925}",25,16,19.05986375547881,"{0: 9, 1: 0, 2: 0, 3: 0, 4: 0}",1
589,False,"{'a': 0.2611061302287616, 'e': 0.061106130228761574}",25,12,23.698728973240396,"{0: 13, 1: 0, 2: 0, 3: 0, 4: 0}",1
590,False,"{'a': 0.26091000509833195, 'e': 0.060910005098331936}",25,19,12.891082173609338,"{0: 6, 1: 0, 2: 0, 3: 0, 4: 0}",1
591,False,"{'a': 0.2607142115405548, 'e': 0.060714211540554765}",25,11,26.20559680880084,"{0: 14, 1: 0, 2: 0, 3: 0, 4: 0}",1
592,False,"{'a': 0.26051874843619666, 'e': 0.060518748436196666}",20,5,24.496209035262304,"{0: 15, 1: 0, 2: 0, 3: 0, 4: 0}",1
593,False,"{'a': 0.26032361467168175, 'e': 0.060323614671681756}",25,0,39.71249905629608,"{0: 25, 1: 0, 2: 0, 3: 0, 4: 0}",0
594,False,"{'a': 0.2601288091390535, 'e': 0.06012880913905349}",25,17,15.61314217700189,"{0: 8, 1: 0, 2: 0, 3: 0, 4: 0}",1
595,False,"{'a': 0.25993433073593697, 'e': 0.059934330735936986}",25,7,32.14236874174231,"{0: 18, 1: 0, 2: 0, 3: 0, 4: 0}",1
596,False,"{'a': 0.2597401783655016, 'e': 0.05974017836550162}",25,17,13.567247069018189,"{0: 8, 1: 0, 2: 0, 3: 0, 4: 0}",1
597,False,"{'a': 0.2595463509364238, 'e': 0.05954635093642382}",25,20,5.004652163943058,"{0: 5, 1: 0, 2: 0, 3: 0, 4: 0}",1
598,False,"{'a': 0.25935284736285036, 'e': 0.05935284736285033}",35,19,26.36937089372461,"{0: 16, 1: 0, 2: 0, 3: 0, 4: 0}",1
599,False,"{'a': 0.25915966656436173, 'e': 0.059159666564361744}",20,9,21.611936894615713,"{0: 11, 1: 0, 2: 0, 3: 0, 4: 0}",1
600,False,"{'a': 0.2589668074659362, 'e': 0.058966807465936175}",20,15,10.18824574353535,"{0: 5, 1: 0, 2: 0, 3: 0, 4: 0}",1
601,False,"{'a': 0.2587742689979135, 'e': 0.0587742689979135}",30,17,25.313425832962086,"{0: 13, 1: 0, 2: 0, 3: 0, 4: 0}",1
602,False,"{'a': 0.2585820500959597, 'e': 0.0585820500959597}",30,21,17.604305419889776,"{0: 9, 1: 0, 2: 0, 3: 0, 4: 0}",1
603,False,"{'a': 0.2583901497010316, 'e': 0.058390149701031555}",30,19,20.88555401404764,"{0: 11, 1: 0, 2: 0, 3: 0, 4: 0}",1
604,False,"{'a': 0.2581985667593417, 'e': 0.05819856675934168}",25,11,22.67526472659849,"{0: 14, 1: 0, 2: 0, 3: 0, 4: 0}",1
605,False,"{'a': 0.2580073002223237, 'e': 0.05800730022232372}",30,20,15.446686067995676,"{0: 10, 1: 0, 2: 0, 3: 0, 4: 0}",1
606,False,"{'a': 0.257816349046598, 'e': 0.05781634904659801}",25,17,14.151343431847604,"{0: 8, 1: 0, 2: 0, 3: 0, 4: 0}",1
607,False,"{'a': 0.2576257121939374, 'e': 0.057625712193937376}",20,16,7.55407385985178,"{0: 4, 1: 0, 2: 0, 3: 0, 4: 0}",1
608,False,"{'a': 0.2574353886312333, 'e': 0.05743538863123328}",20,13,12.76298788121652,"{0: 7, 1: 0, 2: 0, 3: 0, 4: 0}",1
609,False,"{'a': 0.25724537733046215, 'e': 0.057245377330462165}",30,12,35.55513841804744,"{0: 18, 1: 0, 2: 0, 3: 0, 4: 0}",1
610,False,"{'a': 0.25705567726865225, 'e': 0.05705567726865223}",20,0,29.00358851884643,"{0: 20, 1: 0, 2: 0, 3: 0, 4: 0}",1
611,False,"{'a': 0.2568662874278504, 'e': 0.056866287427850375}",25,13,21.88890668342553,"{0: 12, 1: 0, 2: 0, 3: 0, 4: 0}",1
612,False,"{'a': 0.2566772067950894, 'e': 0.056677206795089356}",20,0,31.39842586075415,"{0: 20, 1: 0, 2: 0, 3: 0, 4: 0}",0
613,False,"{'a': 0.25648843436235536, 'e': 0.056488434362355316}",35,16,32.554085689841685,"{0: 19, 1: 0, 2: 0, 3: 0, 4: 0}",1
614,False,"{'a': 0.25629996912655556, 'e': 0.056299969126555556}",20,10,18.17225945953754,"{0: 10, 1: 0, 2: 0, 3: 0, 4: 0}",1
615,False,"{'a': 0.2561118100894866, 'e': 0.05611181008948657}",25,20,8.927956930832071,"{0: 5, 1: 0, 2: 0, 3: 0, 4: 0}",1
616,False,"{'a': 0.25592395625780223, 'e': 0.05592395625780224}",20,14,10.888986666539768,"{0: 6, 1: 0, 2: 0, 3: 0, 4: 0}",1
617,False,"{'a': 0.2557364066429825, 'e': 0.05573640664298248}",30,17,22.149965944670043,"{0: 13, 1: 0, 2: 0, 3: 0, 4: 0}",1
618,False,"{'a': 0.2555491602613019, 'e': 0.055549160261301904}",20,16,5.7137726857217945,"{0: 4, 1: 0, 2: 0, 3: 0, 4: 0}",1
619,False,"{'a': 0.255362216133799, 'e': 0.055362216133799}",35,16,32.21019848469907,"{0: 19, 1: 0, 2: 0, 3: 0, 4: 0}",1
620,False,"{'a': 0.25517557328624535, 'e': 0.055175573286245325}",25,16,13.520904217548555,"{0: 9, 1: 0, 2: 0, 3: 0, 4: 0}",1
621,False,"{'a': 0.25498923074911506, 'e': 0.05498923074911504}",25,2,31.662569957455652,"{0: 23, 1: 0, 2: 0, 3: 0, 4: 0}",1
622,False,"{'a': 0.2548031875575548, 'e': 0.054803187557554804}",20,16,7.429049204501789,"{0: 4, 1: 0, 2: 0, 3: 0, 4: 0}",1
623,False,"{'a': 0.2546174427513537, 'e': 0.05461744275135364}",20,11,16.608773885539755,"{0: 9, 1: 0, 2: 0, 3: 0, 4: 0}",1
624,False,"{'a': 0.25443199537491334, 'e': 0.05443199537491332}",25,16,16.326087063990794,"{0: 9, 1: 0, 2: 0, 3: 0, 4: 0}",1
625,False,"{'a': 0.2542468444772188, 'e': 0.054246844477218795}",20,7,23.933655579304357,"{0: 13, 1: 0, 2: 0, 3: 0, 4: 0}",1
626,False,"{'a': 0.254061989111809, 'e': 0.05406198911180899}",30,22,15.107736546044539,"{0: 8, 1: 0, 2: 0, 3: 0, 4: 0}",1
627,False,"{'a': 0.25387742833674776, 'e': 0.053877428336747746}",20,16,6.462502200261108,"{0: 4, 1: 0, 2: 0, 3: 0, 4: 0}",1
628,False,"{'a': 0.253693161214595, 'e': 0.05369316121459499}",25,0,36.4963589614335,"{0: 25, 1: 0, 2: 0, 3: 0, 4: 0}",0
629,False,"{'a': 0.2535091868123783, 'e': 0.05350918681237824}",35,18,29.19075834130322,"{0: 17, 1: 0, 2: 0, 3: 0, 4: 0}",1
630,False,"{'a': 0.25332550420156424, 'e': 0.053325504201564226}",25,17,13.820744372457357,"{0: 8, 1: 0, 2: 0, 3: 0, 4: 0}",1
631,False,"{'a': 0.2531421124580307, 'e': 0.05314211245803071}",20,16,7.818839056872517,"{0: 4, 1: 0, 2: 0, 3: 0, 4: 0}",1
632,False,"{'a': 0.2529590106620387, 'e': 0.05295901066203869}",25,3,32.367930644798285,"{0: 22, 1: 0, 2: 0, 3: 0, 4: 0}",1
633,False,"{'a': 0.25277619789820466, 'e': 0.05277619789820466}",20,0,28.655565410567743,"{0: 20, 1: 0, 2: 0, 3: 0, 4: 0}",0
634,False,"{'a': 0.2525936732554732, 'e': 0.052593673255473206}",30,22,14.182003554111947,"{0: 8, 1: 0, 2: 0, 3: 0, 4: 0}",1
635,False,"{'a': 0.2524114358270897, 'e': 0.05241143582708969}",25,14,17.65562588620788,"{0: 11, 1: 0, 2: 0, 3: 0, 4: 0}",1
636,False,"{'a': 0.25222948471057327, 'e': 0.05222948471057326}",25,14,19.905353599027244,"{0: 11, 1: 0, 2: 0, 3: 0, 4: 0}",1
637,False,"{'a': 0.2520478190076901, 'e': 0.05204781900769008}",30,20,19.57916070965089,"{0: 10, 1: 0, 2: 0, 3: 0, 4: 0}",1
638,False,"{'a': 0.25186643782442664, 'e': 0.051866437824426646}",25,14,13.629690564079198,"{0: 11, 1: 0, 2: 0, 3: 0, 4: 0}",1
639,False,"{'a': 0.25168534027096345, 'e': 0.051685340270963456}",30,18,19.630377135022936,"{0: 12, 1: 0, 2: 0, 3: 0, 4: 0}",1
640,False,"{'a': 0.2515045254616487, 'e': 0.051504525461648715}",20,14,11.806392404196696,"{0: 6, 1: 0, 2: 0, 3: 0, 4: 0}",1
641,False,"{'a': 0.2513239925149725, 'e': 0.051323992514972494}",30,20,18.61204449645959,"{0: 10, 1: 0, 2: 0, 3: 0, 4: 0}",1
642,False,"{'a': 0.25114374055354083, 'e': 0.05114374055354082}",30,17,22.164540238261075,"{0: 13, 1: 0, 2: 0, 3: 0, 4: 0}",1
643,False,"{'a': 0.2509637687040501, 'e': 0.050963768704050144}",25,20,9.436089278019768,"{0: 5, 1: 0, 2: 0, 3: 0, 4: 0}",1
644,False,"{'a': 0.250784076097262, 'e': 0.050784076097261974}",25,13,20.01258366719209,"{0: 12, 1: 0, 2: 0, 3: 0, 4: 0}",1
645,False,"{'a': 0.25060466186797764, 'e': 0.050604661867977616}",35,12,36.221599212480484,"{0: 23, 1: 0, 2: 0, 3: 0, 4: 0}",1
646,False,"{'a': 0.25042552515501326, 'e': 0.05042552515501327}",20,16,7.253085595714772,"{0: 4, 1: 0, 2: 0, 3: 0, 4: 0}",1
647,False,"{'a': 0.25024666510117516, 'e': 0.05024666510117514}",20,10,16.66404860517088,"{0: 10, 1: 0, 2: 0, 3: 0, 4: 0}",1
648,False,"{'a': 0.2500680808532349, 'e': 0.05006808085323491}",30,23,14.340351944739808,"{0: 7, 1: 0, 2: 0, 3: 0, 4: 0}",1
649,False,"{'a': 0.24988977156190523, 'e': 0.049889771561905216}",20,6,25.14469597472822,"{0: 14, 1: 0, 2: 0, 3: 0, 4: 0}",1
1,True,"{'a': 0.0, 'e': 0.0}",20,4,24.898668094769036,"{0: 16, 1: 0, 2: 0, 3: 0, 4: 0}",1
2,True,"{'a': 0.0, 'e': 0.0}",20,3,27.4504475713099,"{0: 17, 1: 0, 2: 0, 3: 0, 4: 0}",1
3,True,"{'a': 0.0, 'e': 0.0}",35,25,21.29696904206584,"{0: 10, 1: 0, 2: 0, 3: 0, 4: 0}",1
4,True,"{'a': 0.0, 'e': 0.0}",20,12,14.752963000376095,"{0: 8, 1: 0, 2: 0, 3: 0, 4: 0}",1
5,True,"{'a': 0.0, 'e': 0.0}",20,0,23.730491289906247,"{0: 20, 1: 0, 2: 0, 3: 0, 4: 0}",0
6,True,"{'a': 0.0, 'e': 0.0}",25,16,15.940028329148593,"{0: 9, 1: 0, 2: 0, 3: 0, 4: 0}",1
7,True,"{'a': 0.0, 'e': 0.0}",20,16,6.519983404426455,"{0: 4, 1: 0, 2: 0, 3: 0, 4: 0}",1
8,True,"{'a': 0.0, 'e': 0.0}",30,7,37.962351968139885,"{0: 23, 1: 0, 2: 0, 3: 0, 4: 0}",1
9,True,"{'a': 0.0, 'e': 0.0}",20,13,16.852959030706923,"{0: 7, 1: 0, 2: 0, 3: 0, 4: 0}",1
10,True,"{'a': 0.0, 'e': 0.0}",20,14,12.494080815314945,"{0: 6, 1: 0, 2: 0, 3: 0, 4: 0}",1
11,True,"{'a': 0.0, 'e': 0.0}",20,8,18.32353421060635,"{0: 12, 1: 0, 2: 0, 3: 0, 4: 0}",1
12,True,"{'a': 0.0, 'e': 0.0}",20,11,14.38015528458308,"{0: 9, 1: 0, 2: 0, 3: 0, 4: 0}",1
13,True,"{'a': 0.0, 'e': 0.0}",25,17,15.995320202367493,"{0: 8, 1: 0, 2: 0, 3: 0, 4: 0}",1
14,True,"{'a': 0.0, 'e': 0.0}",20,14,13.952446591190148,"{0: 6, 1: 0, 2: 0, 3: 0, 4: 0}",1
15,True,"{'a': 0.0, 'e': 0.0}",20,1,31.56845705433603,"{0: 19, 1: 0, 2: 0, 3: 0, 4: 0}",1
16,True,"{'a': 0.0, 'e': 0.0}",25,15,15.578297730612222,"{0: 10, 1: 0, 2: 0, 3: 0, 4: 0}",1
17,True,"{'a': 0.0, 'e': 0.0}",20,9,19.393191841224805,"{0: 11, 1: 0, 2: 0, 3: 0, 4: 0}",1
18,True,"{'a': 0.0, 'e': 0.0}",25,16,17.354058272795932,"{0: 9, 1: 0, 2: 0, 3: 0, 4: 0}",1
19,True,"{'a': 0.0, 'e': 0.0}",20,9,18.949048872342324,"{0: 11, 1: 0, 2: 0, 3: 0, 4: 0}",1
20,True,"{'a': 0.0, 'e': 0.0}",20,7,17.28216767864963,"{0: 13, 1: 0, 2: 0, 3: 0, 4: 0}",1
21,True,"{'a': 0.0, 'e': 0.0}",20,6,17.93790556038224,"{0: 14, 1: 0, 2: 0, 3: 0, 4: 0}",1
22,True,"{'a': 0.0, 'e': 0.0}",25,17,18.187309892004794,"{0: 8, 1: 0, 2: 0, 3: 0, 4: 0}",1
23,True,"{'a': 0.0, 'e': 0.0}",30,22,14.50438562117431,"{0: 8, 1: 0, 2: 0, 3: 0, 4: 0}",1
24,True,"{'a': 0.0, 'e': 0.0}",20,9,27.079465108647177,"{0: 11, 1: 0, 2: 0, 3: 0, 4: 0}",1
25,True,"{'a': 0.0, 'e': 0.0}",20,14,11.394264082286403,"{0: 6, 1: 0, 2: 0, 3: 0, 4: 0}",1
26,True,"{'a': 0.0, 'e': 0.0}",20,9,20.49148612031501,"{0: 11, 1: 0, 2: 0, 3: 0, 4: 0}",1
27,True,"{'a': 0.0, 'e': 0.0}",20,5,28.115419509174885,"{0: 15, 1: 0, 2: 0, 3: 0, 4: 0}",1
28,True,"{'a': 0.0, 'e': 0.0}",20,11,16.21234843984074,"{0: 9, 1: 0, 2: 0, 3: 0, 4: 0}",1
29,True,"{'a': 0.0, 'e': 0.0}",25,7,35.040131651271054,"{0: 18, 1: 0, 2: 0, 3: 0, 4: 0}",1
30,True,"{'a': 0.0, 'e': 0.0}",30,12,27.14957275916676,"{0: 18, 1: 0, 2: 0, 3: 0, 4: 0}",1
31,True,"{'a': 0.0, 'e': 0.0}",30,16,25.695299496268625,"{0: 14, 1: 0, 2: 0, 3: 0, 4: 0}",1
32,True,"{'a': 0.0, 'e': 0.0}",25,14,14.990068836650263,"{0: 11, 1: 0, 2: 0, 3: 0, 4: 0}",1
33,True,"{'a': 0.0, 'e': 0.0}",20,15,8.767676951583393,"{0: 5, 1: 0, 2: 0, 3: 0, 4: 0}",1
34,True,"{'a': 0.0, 'e': 0.0}",20,0,30.080961034292425,"{0: 20, 1: 0, 2: 0, 3: 0, 4: 0}",0
35,True,"{'a': 0.0, 'e': 0.0}",30,14,26.740049824396657,"{0: 16, 1: 0, 2: 0, 3: 0, 4: 0}",1
36,True,"{'a': 0.0, 'e': 0.0}",25,11,25.314706498919556,"{0: 14, 1: 0, 2: 0, 3: 0, 4: 0}",1
37,True,"{'a': 0.0, 'e': 0.0}",20,13,13.706932022365235,"{0: 7, 1: 0, 2: 0, 3: 0, 4: 0}",1
38,True,"{'a': 0.0, 'e': 0.0}",20,12,14.755212861130666,"{0: 8, 1: 0, 2: 0, 3: 0, 4: 0}",1
39,True,"{'a': 0.0, 'e': 0.0}",20,4,29.253885783413413,"{0: 16, 1: 0, 2: 0, 3: 0, 4: 0}",1
40,True,"{'a': 0.0, 'e': 0.0}",30,16,24.40674582575894,"{0: 14, 1: 0, 2: 0, 3: 0, 4: 0}",1
41,True,"{'a': 0.0, 'e': 0.0}",20,6,22.651172884645682,"{0: 14, 1: 0, 2: 0, 3: 0, 4: 0}",1
42,True,"{'a': 0.0, 'e': 0.0}",25,12,21.837580185838867,"{0: 13, 1: 0, 2: 0, 3: 0, 4: 0}",1
43,True,"{'a': 0.0, 'e': 0.0}",20,15,6.036008176571185,"{0: 5, 1: 0, 2: 0, 3: 0, 4: 0}",1
44,True,"{'a': 0.0, 'e': 0.0}",20,12,11.92431530726678,"{0: 8, 1: 0, 2: 0, 3: 0, 4: 0}",1
45,True,"{'a': 0.0, 'e': 0.0}",20,11,17.779167679587115,"{0: 9, 1: 0, 2: 0, 3: 0, 4: 0}",1
46,True,"{'a': 0.0, 'e': 0.0}",25,11,27.035011128893995,"{0: 14, 1: 0, 2: 0, 3: 0, 4: 0}",1
47,True,"{'a': 0.0, 'e': 0.0}",30,19,19.53253694985389,"{0: 11, 1: 0, 2: 0, 3: 0, 4: 0}",1
48,True,"{'a': 0.0, 'e': 0.0}",30,13,31.680147267541148,"{0: 17, 1: 0, 2: 0, 3: 0, 4: 0}",1
49,True,"{'a': 0.0, 'e': 0.0}",30,12,32.15979813217191,"{0: 18, 1: 0, 2: 0, 3: 0, 4: 0}",1
50,True,"{'a': 0.0, 'e': 0.0}",20,10,19.31726062820978,"{0: 10, 1: 0, 2: 0, 3: 0, 4: 0}",1
